
> jpl-tvt@0.1.0 test:e2e
> dotenv -e .env.test -- playwright test --reporter=list

[2m[WebServer] [22m[1m[38;2;173;127;168m▲ Next.js 16.1.6[39m[22m (webpack)
[2m[WebServer] [22m- Local:         http://localhost:3100
[2m[WebServer] [22m- Network:       http://192.168.1.107:3100
[2m[WebServer] [22m- Environments: .env.test
[2m[WebServer] [22m
[2m[WebServer] [22m[32m[1m✓[22m[39m Starting...
[2m[WebServer] [22m[33m[1m⚠[22m[39m The "middleware" file convention is deprecated. Please use "proxy" instead. Learn more: https://nextjs.org/docs/messages/middleware-to-proxy
[2m[WebServer] [22m[32m[1m✓[22m[39m Ready in 1996ms
[2m[WebServer] [22m GET / [32m200[39m in 2.1s[2m (compile: 1916ms, render: 155ms)[22m
✔ a real gameweek produces an event URL (0.7839ms)
✔ gameweek 0 falls back to history rather than /event/0 (0.1276ms)
✔ labels never render GW0 (0.1258ms)
✔ the redirect allow-list accepts only FPL entry paths (0.1758ms)
✔ GW1 is exempt — nothing precedes it, so it opens even with no finished GWs (1.2976ms)
✔ inside the 30-minute post-deadline blackout the window is locked (1.2157ms)
✔ after the blackout, GW2 stays shut while FPL has not finished GW1 (0.3055ms)
✔ once FPL marks GW1 finished, GW2 opens (0.2562ms)
✔ FPL outage fails OPEN and flags itself as degraded (0.2551ms)
✔ the 24h safety valve opens the window even when the previous GW is unfinished (0.3091ms)
✔ requirePreviousFinished:false restores the old behaviour for other formats (0.2694ms)
✔ gating uses the array-previous gameweek, not number - 1 (0.1951ms)
✔ past the final deadline the window is closed (0.1502ms)
✔ an empty gameweek list is closed, not a crash (0.1533ms)

Running 78 tests using 1 worker

[2m[WebServer] [22m POST /api/auth/signin [32m200[39m in 1987ms[2m (compile: 1789ms, proxy.ts: 99ms, render: 99ms)[22m
[2m[WebServer] [22m POST /api/superadmin/leagues [32m200[39m in 2.8s[2m (compile: 1649ms, proxy.ts: 11ms, render: 1145ms)[22m
[2m[WebServer] [22m POST /api/auth/signin [32m200[39m in 92ms[2m (compile: 6ms, proxy.ts: 11ms, render: 75ms)[22m
[2m[WebServer] [22m POST /api/auth/change-password [32m200[39m in 565ms[2m (compile: 281ms, proxy.ts: 5ms, render: 279ms)[22m
[2m[WebServer] [22m POST /api/team/setup [32m200[39m in 367ms[2m (compile: 220ms, proxy.ts: 5ms, render: 141ms)[22m
[2m[WebServer] [22m POST /api/auth/signout [32m200[39m in 247ms[2m (compile: 231ms, proxy.ts: 7ms, render: 8ms)[22m
[2m[WebServer] [22m POST /api/auth/signin [32m200[39m in 108ms[2m (compile: 25ms, proxy.ts: 5ms, render: 78ms)[22m
[2m[WebServer] [22m POST /api/auth/change-password [32m200[39m in 306ms[2m (compile: 5ms, proxy.ts: 5ms, render: 296ms)[22m
[2m[WebServer] [22m POST /api/team/setup [32m200[39m in 179ms[2m (compile: 9ms, proxy.ts: 6ms, render: 164ms)[22m
[2m[WebServer] [22m POST /api/auth/signout [32m200[39m in 13ms[2m (compile: 1662µs, proxy.ts: 5ms, render: 7ms)[22m
[2m[WebServer] [22m POST /api/auth/signin [32m200[39m in 77ms[2m (compile: 1520µs, proxy.ts: 4ms, render: 71ms)[22m
[2m[WebServer] [22m POST /api/auth/change-password [32m200[39m in 679ms[2m (compile: 1661µs, proxy.ts: 5ms, render: 672ms)[22m
[2m[WebServer] [22m POST /api/team/setup [32m200[39m in 158ms[2m (compile: 1559µs, proxy.ts: 5ms, render: 152ms)[22m
[2m[WebServer] [22m POST /api/auth/signout [32m200[39m in 15ms[2m (compile: 3ms, proxy.ts: 5ms, render: 7ms)[22m
[2m[WebServer] [22m POST /api/auth/signin [32m200[39m in 85ms[2m (compile: 3ms, proxy.ts: 4ms, render: 78ms)[22m
[2m[WebServer] [22m POST /api/auth/change-password [32m200[39m in 303ms[2m (compile: 1757µs, proxy.ts: 6ms, render: 295ms)[22m
[2m[WebServer] [22m POST /api/team/setup [32m200[39m in 147ms[2m (compile: 1562µs, proxy.ts: 5ms, render: 141ms)[22m
[2m[WebServer] [22m POST /api/auth/signout [32m200[39m in 12ms[2m (compile: 1508µs, proxy.ts: 4ms, render: 6ms)[22m
[2m[WebServer] [22m POST /api/auth/signin [32m200[39m in 75ms[2m (compile: 1834µs, proxy.ts: 4ms, render: 69ms)[22m
[2m[WebServer] [22m POST /api/auth/change-password [32m200[39m in 280ms[2m (compile: 1583µs, proxy.ts: 5ms, render: 274ms)[22m
[2m[WebServer] [22m POST /api/team/setup [32m200[39m in 166ms[2m (compile: 4ms, proxy.ts: 11ms, render: 151ms)[22m
[2m[WebServer] [22m POST /api/auth/signout [32m200[39m in 15ms[2m (compile: 3ms, proxy.ts: 7ms, render: 5ms)[22m
[2m[WebServer] [22m POST /api/auth/signin [32m200[39m in 88ms[2m (compile: 1630µs, proxy.ts: 8ms, render: 78ms)[22m
[2m[WebServer] [22m POST /api/auth/change-password [32m200[39m in 303ms[2m (compile: 3ms, proxy.ts: 5ms, render: 295ms)[22m
[2m[WebServer] [22m POST /api/team/setup [32m200[39m in 176ms[2m (compile: 2ms, proxy.ts: 11ms, render: 163ms)[22m
[2m[WebServer] [22m POST /api/auth/signout [32m200[39m in 16ms[2m (compile: 4ms, proxy.ts: 7ms, render: 5ms)[22m
[2m[WebServer] [22m POST /api/auth/signin [32m200[39m in 91ms[2m (compile: 1615µs, proxy.ts: 8ms, render: 82ms)[22m
[2m[WebServer] [22m POST /api/auth/change-password [32m200[39m in 331ms[2m (compile: 3ms, proxy.ts: 5ms, render: 324ms)[22m
[2m[WebServer] [22m POST /api/team/setup [32m200[39m in 125ms[2m (compile: 2ms, proxy.ts: 6ms, render: 117ms)[22m
[2m[WebServer] [22m POST /api/auth/signout [32m200[39m in 15ms[2m (compile: 1728µs, proxy.ts: 5ms, render: 9ms)[22m
[2m[WebServer] [22m POST /api/auth/signin [32m200[39m in 100ms[2m (compile: 15ms, proxy.ts: 5ms, render: 80ms)[22m
[2m[WebServer] [22m POST /api/auth/change-password [32m200[39m in 277ms[2m (compile: 2ms, proxy.ts: 7ms, render: 268ms)[22m
[2m[WebServer] [22m POST /api/team/setup [32m200[39m in 135ms[2m (compile: 3ms, proxy.ts: 7ms, render: 126ms)[22m
[2m[WebServer] [22m POST /api/auth/signout [32m200[39m in 13ms[2m (compile: 1629µs, proxy.ts: 6ms, render: 6ms)[22m
[2m[WebServer] [22m POST /api/auth/signin [32m200[39m in 85ms[2m (compile: 1642µs, proxy.ts: 5ms, render: 79ms)[22m
[2m[WebServer] [22m POST /api/auth/change-password [32m200[39m in 292ms[2m (compile: 3ms, proxy.ts: 5ms, render: 284ms)[22m
[2m[WebServer] [22m POST /api/team/setup [32m200[39m in 157ms[2m (compile: 1627µs, proxy.ts: 5ms, render: 149ms)[22m
[2m[WebServer] [22m POST /api/auth/signout [32m200[39m in 10ms[2m (compile: 1450µs, proxy.ts: 5ms, render: 4ms)[22m
[2m[WebServer] [22m POST /api/auth/signin [32m200[39m in 81ms[2m (compile: 1417µs, proxy.ts: 5ms, render: 74ms)[22m
[2m[WebServer] [22m POST /api/auth/change-password [32m200[39m in 285ms[2m (compile: 1568µs, proxy.ts: 4ms, render: 279ms)[22m
[2m[WebServer] [22m POST /api/team/setup [32m200[39m in 157ms[2m (compile: 3ms, proxy.ts: 8ms, render: 147ms)[22m
[2m[WebServer] [22m POST /api/auth/signout [32m200[39m in 11ms[2m (compile: 1578µs, proxy.ts: 5ms, render: 5ms)[22m
[2m[WebServer] [22m POST /api/auth/signin [32m200[39m in 80ms[2m (compile: 1385µs, proxy.ts: 5ms, render: 73ms)[22m
[2m[WebServer] [22m POST /api/auth/change-password [32m200[39m in 582ms[2m (compile: 1454µs, proxy.ts: 5ms, render: 575ms)[22m
[2m[WebServer] [22m POST /api/team/setup [32m200[39m in 154ms[2m (compile: 3ms, proxy.ts: 6ms, render: 146ms)[22m
[2m[WebServer] [22m POST /api/auth/signout [32m200[39m in 14ms[2m (compile: 1766µs, proxy.ts: 7ms, render: 5ms)[22m
[2m[WebServer] [22m POST /api/auth/signin [32m200[39m in 97ms[2m (compile: 1712µs, proxy.ts: 6ms, render: 90ms)[22m
[2m[WebServer] [22m POST /api/auth/change-password [32m200[39m in 369ms[2m (compile: 1563µs, proxy.ts: 7ms, render: 361ms)[22m
[2m[WebServer] [22m POST /api/team/setup [32m200[39m in 172ms[2m (compile: 3ms, proxy.ts: 10ms, render: 159ms)[22m
[2m[WebServer] [22m POST /api/auth/signout [32m200[39m in 17ms[2m (compile: 4ms, proxy.ts: 7ms, render: 6ms)[22m
[2m[WebServer] [22m POST /api/auth/signin [32m200[39m in 93ms[2m (compile: 1893µs, proxy.ts: 8ms, render: 84ms)[22m
[2m[WebServer] [22m POST /api/auth/change-password [32m200[39m in 339ms[2m (compile: 3ms, proxy.ts: 6ms, render: 330ms)[22m
[2m[WebServer] [22m POST /api/team/setup [32m200[39m in 166ms[2m (compile: 2ms, proxy.ts: 6ms, render: 158ms)[22m
[2m[WebServer] [22m POST /api/auth/signout [32m200[39m in 14ms[2m (compile: 1777µs, proxy.ts: 4ms, render: 7ms)[22m
[2m[WebServer] [22m POST /api/auth/signin [32m200[39m in 82ms[2m (compile: 1494µs, proxy.ts: 4ms, render: 76ms)[22m
[2m[WebServer] [22m POST /api/auth/change-password [32m200[39m in 278ms[2m (compile: 3ms, proxy.ts: 5ms, render: 271ms)[22m
[2m[WebServer] [22m POST /api/team/setup [32m200[39m in 135ms[2m (compile: 1463µs, proxy.ts: 4ms, render: 129ms)[22m
[2m[WebServer] [22m POST /api/auth/signout [32m200[39m in 13ms[2m (compile: 1715µs, proxy.ts: 6ms, render: 5ms)[22m
  ok  1 [chromium] › tests\league-types\auction-complete-14.spec.ts:41:7 › Auction Complete 14 (admin + user) › admin: league created with 14 teams, tier=complete (5ms)
[2m[WebServer] [22m POST /api/auth/signin [32m200[39m in 74ms[2m (compile: 2ms, proxy.ts: 4ms, render: 68ms)[22m
[2m[WebServer] [22m POST /api/auction/session [32m200[39m in 753ms[2m (compile: 603ms, proxy.ts: 7ms, render: 143ms)[22m
[2m[WebServer] [22m GET /api/test-fpl-stub/bootstrap-static [32m200[39m in 879ms[2m (compile: 857ms, proxy.ts: 5ms, render: 17ms)[22m
[2m[WebServer] [22m[simulate] No feasible+affordable player for team ae566bcf-cd32-4a78-af8c-b488ced36350 in round 12 {
[2m[WebServer] [22m  counts: { [32m'1'[39m: [33m2[39m, [32m'2'[39m: [33m1[39m, [32m'3'[39m: [33m3[39m, [32m'4'[39m: [33m6[39m, total: [33m12[39m },
[2m[WebServer] [22m  purse: [33m300000[39m,
[2m[WebServer] [22m  penaltySlots: [33m0[39m
[2m[WebServer] [22m}
[2m[WebServer] [22m[simulate] No feasible+affordable player for team f3fec980-c7f7-4ee7-9415-4a56c18af01f in round 13 {
[2m[WebServer] [22m  counts: { [32m'1'[39m: [33m3[39m, [32m'2'[39m: [33m2[39m, [32m'3'[39m: [33m3[39m, [32m'4'[39m: [33m5[39m, total: [33m13[39m },
[2m[WebServer] [22m  purse: [33m400000[39m,
[2m[WebServer] [22m  penaltySlots: [33m0[39m
[2m[WebServer] [22m}
[2m[WebServer] [22m[simulate] No feasible+affordable player for team 8c381ef7-dda9-4fc3-ab80-807280cbcb4b in round 13 {
[2m[WebServer] [22m  counts: { [32m'1'[39m: [33m3[39m, [32m'2'[39m: [33m1[39m, [32m'3'[39m: [33m3[39m, [32m'4'[39m: [33m6[39m, total: [33m13[39m },
[2m[WebServer] [22m  purse: [33m100000[39m,
[2m[WebServer] [22m  penaltySlots: [33m0[39m
[2m[WebServer] [22m}
[2m[WebServer] [22m[simulate] No feasible+affordable player for team e3e679fe-a285-47ef-a3b6-8713a9971444 in round 13 {
[2m[WebServer] [22m  counts: { [32m'1'[39m: [33m5[39m, [32m'2'[39m: [33m5[39m, [32m'3'[39m: [33m1[39m, [32m'4'[39m: [33m2[39m, total: [33m13[39m },
[2m[WebServer] [22m  purse: [33m300000[39m,
[2m[WebServer] [22m  penaltySlots: [33m0[39m
[2m[WebServer] [22m}
[2m[WebServer] [22m[simulate] No feasible+affordable player for team 2a8580ec-7d72-4f8f-8057-cc1528d1a387 in round 13 {
[2m[WebServer] [22m  counts: { [32m'1'[39m: [33m3[39m, [32m'2'[39m: [33m2[39m, [32m'3'[39m: [33m3[39m, [32m'4'[39m: [33m5[39m, total: [33m13[39m },
[2m[WebServer] [22m  purse: [33m0[39m,
[2m[WebServer] [22m  penaltySlots: [33m0[39m
[2m[WebServer] [22m}
[2m[WebServer] [22m[simulate] No feasible+affordable player for team ae566bcf-cd32-4a78-af8c-b488ced36350 in round 13 {
[2m[WebServer] [22m  counts: { [32m'1'[39m: [33m2[39m, [32m'2'[39m: [33m1[39m, [32m'3'[39m: [33m3[39m, [32m'4'[39m: [33m6[39m, total: [33m12[39m },
[2m[WebServer] [22m  purse: [33m300000[39m,
[2m[WebServer] [22m  penaltySlots: [33m0[39m
[2m[WebServer] [22m}
[2m[WebServer] [22m[simulate] No feasible+affordable player for team 2946bb1f-47fc-40c4-851b-06e92fcfe568 in round 13 {
[2m[WebServer] [22m  counts: { [32m'1'[39m: [33m2[39m, [32m'2'[39m: [33m1[39m, [32m'3'[39m: [33m4[39m, [32m'4'[39m: [33m6[39m, total: [33m13[39m },
[2m[WebServer] [22m  purse: [33m100000[39m,
[2m[WebServer] [22m  penaltySlots: [33m0[39m
[2m[WebServer] [22m}
[2m[WebServer] [22m[simulate] No feasible+affordable player for team 2946bb1f-47fc-40c4-851b-06e92fcfe568 in round 14 {
[2m[WebServer] [22m  counts: { [32m'1'[39m: [33m2[39m, [32m'2'[39m: [33m1[39m, [32m'3'[39m: [33m4[39m, [32m'4'[39m: [33m6[39m, total: [33m13[39m },
[2m[WebServer] [22m  purse: [33m100000[39m,
[2m[WebServer] [22m  penaltySlots: [33m0[39m
[2m[WebServer] [22m}
[2m[WebServer] [22m[simulate] No feasible+affordable player for team ae566bcf-cd32-4a78-af8c-b488ced36350 in round 14 {
[2m[WebServer] [22m  counts: { [32m'1'[39m: [33m2[39m, [32m'2'[39m: [33m1[39m, [32m'3'[39m: [33m3[39m, [32m'4'[39m: [33m6[39m, total: [33m12[39m },
[2m[WebServer] [22m  purse: [33m300000[39m,
[2m[WebServer] [22m  penaltySlots: [33m0[39m
[2m[WebServer] [22m}
[2m[WebServer] [22m[simulate] No feasible+affordable player for team 2a8580ec-7d72-4f8f-8057-cc1528d1a387 in round 14 {
[2m[WebServer] [22m  counts: { [32m'1'[39m: [33m3[39m, [32m'2'[39m: [33m2[39m, [32m'3'[39m: [33m3[39m, [32m'4'[39m: [33m5[39m, total: [33m13[39m },
[2m[WebServer] [22m  purse: [33m0[39m,
[2m[WebServer] [22m  penaltySlots: [33m0[39m
[2m[WebServer] [22m}
[2m[WebServer] [22m[simulate] No feasible+affordable player for team e3e679fe-a285-47ef-a3b6-8713a9971444 in round 14 {
[2m[WebServer] [22m  counts: { [32m'1'[39m: [33m5[39m, [32m'2'[39m: [33m5[39m, [32m'3'[39m: [33m1[39m, [32m'4'[39m: [33m2[39m, total: [33m13[39m },
[2m[WebServer] [22m  purse: [33m300000[39m,
[2m[WebServer] [22m  penaltySlots: [33m0[39m
[2m[WebServer] [22m}
[2m[WebServer] [22m[simulate] No feasible+affordable player for team 8c381ef7-dda9-4fc3-ab80-807280cbcb4b in round 14 {
[2m[WebServer] [22m  counts: { [32m'1'[39m: [33m3[39m, [32m'2'[39m: [33m1[39m, [32m'3'[39m: [33m3[39m, [32m'4'[39m: [33m6[39m, total: [33m13[39m },
[2m[WebServer] [22m  purse: [33m100000[39m,
[2m[WebServer] [22m  penaltySlots: [33m0[39m
[2m[WebServer] [22m}
[2m[WebServer] [22m[simulate] No feasible+affordable player for team f3fec980-c7f7-4ee7-9415-4a56c18af01f in round 14 {
[2m[WebServer] [22m  counts: { [32m'1'[39m: [33m3[39m, [32m'2'[39m: [33m2[39m, [32m'3'[39m: [33m3[39m, [32m'4'[39m: [33m5[39m, total: [33m13[39m },
[2m[WebServer] [22m  purse: [33m400000[39m,
[2m[WebServer] [22m  penaltySlots: [33m0[39m
[2m[WebServer] [22m}
[2m[WebServer] [22m POST /api/auction/session [32m200[39m in 3.9s[2m (compile: 1841µs, proxy.ts: 9ms, render: 3.9s)[22m
  ok  2 [chromium] › tests\league-types\auction-complete-14.spec.ts:46:7 › Auction Complete 14 (admin + user) › admin: simulated draft assigns players to every team (4.8s)
[2m[WebServer] [22m POST /api/auth/signin [32m200[39m in 119ms[2m (compile: 34ms, proxy.ts: 7ms, render: 78ms)[22m
[2m[WebServer] [22m POST /api/auction/trade [33m400[39m in 388ms[2m (compile: 373ms, proxy.ts: 7ms, render: 8ms)[22m
[2m[WebServer] [22m POST /api/auth/signout [32m200[39m in 14ms[2m (compile: 4ms, proxy.ts: 4ms, render: 5ms)[22m
  ok  3 [chromium] › tests\league-types\auction-complete-14.spec.ts:60:7 › Auction Complete 14 (admin + user) › complete: trade proposal endpoint is reachable (tier allows trades) (534ms)
[2m[WebServer] [22m POST /api/auth/signin [32m200[39m in 85ms[2m (compile: 5ms, proxy.ts: 4ms, render: 76ms)[22m
[2m[WebServer] [22m POST /api/auction/unlock-slot [33m400[39m in 366ms[2m (compile: 353ms, proxy.ts: 5ms, render: 8ms)[22m
[2m[WebServer] [22m POST /api/auth/signout [32m200[39m in 14ms[2m (compile: 3ms, proxy.ts: 5ms, render: 5ms)[22m
  ok  4 [chromium] › tests\league-types\auction-complete-14.spec.ts:77:7 › Auction Complete 14 (admin + user) › complete: unlock-slot endpoint accepts the request shape (may fail business rules — not tier) (476ms)
[2m[WebServer] [22m GET /ac-4xdmhb1k/marketplace [32m200[39m in 2.2s[2m (compile: 1516ms, render: 667ms)[22m
  ok  5 [chromium] › tests\league-types\auction-complete-14.spec.ts:84:7 › Auction Complete 14 (admin + user) › user: marketplace page loads for complete-tier (3.1s)
[2m[WebServer] [22m POST /api/auth/signin [32m200[39m in 718ms[2m (compile: 506ms, proxy.ts: 118ms, render: 94ms)[22m
[2m[WebServer] [22m GET /ac-4xdmhb1k/squad [32m200[39m in 1739ms[2m (compile: 1489ms, render: 250ms)[22m
[2m[WebServer] [22m GET /api/auth/me [32m200[39m in 1001ms[2m (compile: 968ms, proxy.ts: 24ms, render: 9ms)[22m
[2m[WebServer] [22m GET /signin [32m200[39m in 708ms[2m (compile: 671ms, render: 37ms)[22m
[2m[WebServer] [22m GET /ac-4xdmhb1k/finance [32m200[39m in 2.2s[2m (compile: 2.0s, render: 145ms)[22m
[2m[WebServer] [22m POST /api/auth/signout [32m200[39m in 24ms[2m (compile: 9ms, proxy.ts: 6ms, render: 8ms)[22m
[2m[WebServer] [22m GET /api/auth/me [32m200[39m in 55ms[2m (compile: 40ms, proxy.ts: 8ms, render: 7ms)[22m
[2m[WebServer] [22m GET /signin [32m200[39m in 23ms[2m (compile: 3ms, render: 19ms)[22m
  ok  6 [chromium] › tests\league-types\auction-complete-14.spec.ts:88:7 › Auction Complete 14 (admin + user) › user: squad + finance pages render after draft (6.3s)
[2m[WebServer] [22m POST /api/auth/signin [32m200[39m in 112ms[2m (compile: 10ms, proxy.ts: 6ms, render: 96ms)[22m
[2m[WebServer] [22m GET /api/auction/gw-summary?leagueId=e62f6149-dbc5-4597-899f-6660d48e0392 [33m400[39m in 580ms[2m (compile: 570ms, proxy.ts: 4ms, render: 7ms)[22m
  ok  7 [chromium] › tests\league-types\auction-complete-14.spec.ts:95:7 › Auction Complete 14 (admin + user) › admin: gw-summary endpoint returns JSON for the league (704ms)
[2m[WebServer] [22m POST /api/auth/signin [32m200[39m in 89ms[2m (compile: 6ms, proxy.ts: 6ms, render: 77ms)[22m
[2m[WebServer] [22m POST /api/auction/release [33m400[39m in 557ms[2m (compile: 545ms, proxy.ts: 5ms, render: 8ms)[22m
[2m[WebServer] [22m POST /api/auth/signout [32m200[39m in 15ms[2m (compile: 4ms, proxy.ts: 5ms, render: 6ms)[22m
  ok  8 [chromium] › tests\league-types\auction-complete-14.spec.ts:101:7 › Auction Complete 14 (admin + user) › admin: release endpoint requires a teamId + ownership row (rejected without one) (673ms)
[2m[WebServer] [22m POST /api/auth/signin [32m200[39m in 103ms[2m (compile: 6ms, proxy.ts: 7ms, render: 90ms)[22m
[2m[WebServer] [22m POST /api/superadmin/leagues [32m200[39m in 1170ms[2m (compile: 16ms, proxy.ts: 6ms, render: 1147ms)[22m
[2m[WebServer] [22m POST /api/auth/signin [32m200[39m in 80ms[2m (compile: 1786µs, proxy.ts: 6ms, render: 73ms)[22m
[2m[WebServer] [22m POST /api/auth/change-password [32m200[39m in 285ms[2m (compile: 6ms, proxy.ts: 5ms, render: 273ms)[22m
[2m[WebServer] [22m POST /api/team/setup [32m200[39m in 157ms[2m (compile: 7ms, proxy.ts: 6ms, render: 144ms)[22m
[2m[WebServer] [22m POST /api/auth/signout [32m200[39m in 12ms[2m (compile: 1729µs, proxy.ts: 5ms, render: 5ms)[22m
[2m[WebServer] [22m POST /api/auth/signin [32m200[39m in 77ms[2m (compile: 1563µs, proxy.ts: 4ms, render: 72ms)[22m
[2m[WebServer] [22m POST /api/auth/change-password [32m200[39m in 301ms[2m (compile: 1552µs, proxy.ts: 5ms, render: 295ms)[22m
[2m[WebServer] [22m POST /api/team/setup [32m200[39m in 123ms[2m (compile: 1527µs, proxy.ts: 5ms, render: 117ms)[22m
[2m[WebServer] [22m POST /api/auth/signout [32m200[39m in 10ms[2m (compile: 1648µs, proxy.ts: 4ms, render: 5ms)[22m
[2m[WebServer] [22m POST /api/auth/signin [32m200[39m in 74ms[2m (compile: 1750µs, proxy.ts: 4ms, render: 69ms)[22m
[2m[WebServer] [22m POST /api/auth/change-password [32m200[39m in 268ms[2m (compile: 1504µs, proxy.ts: 4ms, render: 262ms)[22m
[2m[WebServer] [22m POST /api/team/setup [32m200[39m in 135ms[2m (compile: 1433µs, proxy.ts: 4ms, render: 129ms)[22m
[2m[WebServer] [22m POST /api/auth/signout [32m200[39m in 11ms[2m (compile: 1843µs, proxy.ts: 4ms, render: 5ms)[22m
[2m[WebServer] [22m POST /api/auth/signin [32m200[39m in 77ms[2m (compile: 1263µs, proxy.ts: 4ms, render: 72ms)[22m
[2m[WebServer] [22m POST /api/auth/change-password [32m200[39m in 268ms[2m (compile: 3ms, proxy.ts: 6ms, render: 258ms)[22m
[2m[WebServer] [22m POST /api/team/setup [32m200[39m in 158ms[2m (compile: 1523µs, proxy.ts: 5ms, render: 151ms)[22m
[2m[WebServer] [22m POST /api/auth/signout [32m200[39m in 12ms[2m (compile: 1660µs, proxy.ts: 5ms, render: 5ms)[22m
[2m[WebServer] [22m POST /api/auth/signin [32m200[39m in 74ms[2m (compile: 1458µs, proxy.ts: 4ms, render: 68ms)[22m
[2m[WebServer] [22m POST /api/auth/change-password [32m200[39m in 254ms[2m (compile: 1627µs, proxy.ts: 4ms, render: 248ms)[22m
[2m[WebServer] [22m POST /api/team/setup [32m200[39m in 158ms[2m (compile: 2ms, proxy.ts: 13ms, render: 142ms)[22m
[2m[WebServer] [22m POST /api/auth/signout [32m200[39m in 13ms[2m (compile: 1675µs, proxy.ts: 5ms, render: 7ms)[22m
[2m[WebServer] [22m POST /api/auth/signin [32m200[39m in 76ms[2m (compile: 1381µs, proxy.ts: 4ms, render: 71ms)[22m
[2m[WebServer] [22m POST /api/auth/change-password [32m200[39m in 288ms[2m (compile: 3ms, proxy.ts: 6ms, render: 279ms)[22m
[2m[WebServer] [22m POST /api/team/setup [32m200[39m in 147ms[2m (compile: 1545µs, proxy.ts: 4ms, render: 141ms)[22m
[2m[WebServer] [22m POST /api/auth/signout [32m200[39m in 10ms[2m (compile: 1348µs, proxy.ts: 4ms, render: 5ms)[22m
[2m[WebServer] [22m POST /api/auth/signin [32m200[39m in 75ms[2m (compile: 1341µs, proxy.ts: 4ms, render: 70ms)[22m
[2m[WebServer] [22m POST /api/auth/change-password [32m200[39m in 276ms[2m (compile: 1550µs, proxy.ts: 4ms, render: 270ms)[22m
[2m[WebServer] [22m POST /api/team/setup [32m200[39m in 145ms[2m (compile: 1642µs, proxy.ts: 5ms, render: 138ms)[22m
[2m[WebServer] [22m POST /api/auth/signout [32m200[39m in 12ms[2m (compile: 1524µs, proxy.ts: 5ms, render: 5ms)[22m
[2m[WebServer] [22m POST /api/auth/signin [32m200[39m in 74ms[2m (compile: 1329µs, proxy.ts: 4ms, render: 70ms)[22m
[2m[WebServer] [22m POST /api/auth/change-password [32m200[39m in 277ms[2m (compile: 1580µs, proxy.ts: 4ms, render: 272ms)[22m
[2m[WebServer] [22m POST /api/team/setup [32m200[39m in 156ms[2m (compile: 1646µs, proxy.ts: 5ms, render: 149ms)[22m
[2m[WebServer] [22m POST /api/auth/signout [32m200[39m in 10ms[2m (compile: 1417µs, proxy.ts: 4ms, render: 5ms)[22m
[2m[WebServer] [22m POST /api/auth/signin [32m200[39m in 75ms[2m (compile: 1726µs, proxy.ts: 6ms, render: 67ms)[22m
[2m[WebServer] [22m POST /api/auth/change-password [32m200[39m in 743ms[2m (compile: 1763µs, proxy.ts: 4ms, render: 737ms)[22m
[2m[WebServer] [22m POST /api/team/setup [32m200[39m in 157ms[2m (compile: 2ms, proxy.ts: 5ms, render: 150ms)[22m
[2m[WebServer] [22m POST /api/auth/signout [32m200[39m in 9ms[2m (compile: 1369µs, proxy.ts: 4ms, render: 4ms)[22m
[2m[WebServer] [22m POST /api/auth/signin [32m200[39m in 77ms[2m (compile: 2ms, proxy.ts: 5ms, render: 70ms)[22m
[2m[WebServer] [22m POST /api/auth/change-password [32m200[39m in 276ms[2m (compile: 1424µs, proxy.ts: 4ms, render: 271ms)[22m
[2m[WebServer] [22m POST /api/team/setup [32m200[39m in 148ms[2m (compile: 1856µs, proxy.ts: 4ms, render: 142ms)[22m
[2m[WebServer] [22m POST /api/auth/signout [32m200[39m in 10ms[2m (compile: 1520µs, proxy.ts: 4ms, render: 5ms)[22m
  ok  9 [chromium] › tests\league-types\auction-primary-10.spec.ts:44:7 › Auction Primary 10 (admin + user) › admin: league created with 10 teams and tier=primary (1ms)
[2m[WebServer] [22m POST /api/auth/signin [32m200[39m in 77ms[2m (compile: 1575µs, proxy.ts: 5ms, render: 71ms)[22m
[2m[WebServer] [22m POST /api/auction/session [32m200[39m in 165ms[2m (compile: 25ms, proxy.ts: 4ms, render: 136ms)[22m
[2m[WebServer] [22m GET /api/test-fpl-stub/bootstrap-static [32m200[39m in 32ms[2m (compile: 16ms, proxy.ts: 5ms, render: 11ms)[22m
[2m[WebServer] [22m[simulate] No feasible+affordable player for team 75548d49-048c-44c9-b761-0bed48bf5f60 in round 13 {
[2m[WebServer] [22m  counts: { [32m'1'[39m: [33m2[39m, [32m'2'[39m: [33m2[39m, [32m'3'[39m: [33m8[39m, [32m'4'[39m: [33m1[39m, total: [33m13[39m },
[2m[WebServer] [22m  purse: [33m0[39m,
[2m[WebServer] [22m  penaltySlots: [33m0[39m
[2m[WebServer] [22m}
[2m[WebServer] [22m[simulate] No feasible+affordable player for team 75548d49-048c-44c9-b761-0bed48bf5f60 in round 14 {
[2m[WebServer] [22m  counts: { [32m'1'[39m: [33m2[39m, [32m'2'[39m: [33m2[39m, [32m'3'[39m: [33m8[39m, [32m'4'[39m: [33m1[39m, total: [33m13[39m },
[2m[WebServer] [22m  purse: [33m0[39m,
[2m[WebServer] [22m  penaltySlots: [33m0[39m
[2m[WebServer] [22m}
[2m[WebServer] [22m[simulate] No feasible+affordable player for team 61f7dd11-5215-4ba2-8b88-c67f1a2d36c0 in round 14 {
[2m[WebServer] [22m  counts: { [32m'1'[39m: [33m3[39m, [32m'2'[39m: [33m2[39m, [32m'3'[39m: [33m7[39m, [32m'4'[39m: [33m2[39m, total: [33m14[39m },
[2m[WebServer] [22m  purse: [33m0[39m,
[2m[WebServer] [22m  penaltySlots: [33m0[39m
[2m[WebServer] [22m}
[2m[WebServer] [22m[simulate] No feasible+affordable player for team 569caa64-cdb7-4243-84b4-07b684d822d9 in round 14 {
[2m[WebServer] [22m  counts: { [32m'1'[39m: [33m5[39m, [32m'2'[39m: [33m2[39m, [32m'3'[39m: [33m3[39m, [32m'4'[39m: [33m4[39m, total: [33m14[39m },
[2m[WebServer] [22m  purse: [33m0[39m,
[2m[WebServer] [22m  penaltySlots: [33m0[39m
[2m[WebServer] [22m}
[2m[WebServer] [22m POST /api/auction/session [32m200[39m in 1911ms[2m (compile: 1684µs, proxy.ts: 4ms, render: 1905ms)[22m
  ok 10 [chromium] › tests\league-types\auction-primary-10.spec.ts:50:7 › Auction Primary 10 (admin + user) › admin: simulated initial auction fills every team's squad (2.2s)
[2m[WebServer] [22m POST /api/auth/signin [32m200[39m in 72ms[2m (compile: 1335µs, proxy.ts: 4ms, render: 67ms)[22m
[2m[WebServer] [22m POST /api/auction/trade [33m400[39m in 20ms[2m (compile: 9ms, proxy.ts: 4ms, render: 6ms)[22m
[2m[WebServer] [22m POST /api/auth/signout [32m200[39m in 10ms[2m (compile: 1430µs, proxy.ts: 4ms, render: 4ms)[22m
  ok 11 [chromium] › tests\league-types\auction-primary-10.spec.ts:68:7 › Auction Primary 10 (admin + user) › primary: trade proposals are rejected for primary tier (112ms)
[2m[WebServer] [22m POST /api/auth/signin [32m200[39m in 73ms[2m (compile: 1324µs, proxy.ts: 4ms, render: 68ms)[22m
[2m[WebServer] [22m POST /api/auction/unlock-slot [33m400[39m in 17ms[2m (compile: 6ms, proxy.ts: 4ms, render: 6ms)[22m
[2m[WebServer] [22m POST /api/auth/signout [32m200[39m in 10ms[2m (compile: 1295µs, proxy.ts: 4ms, render: 5ms)[22m
  ok 12 [chromium] › tests\league-types\auction-primary-10.spec.ts:85:7 › Auction Primary 10 (admin + user) › primary: slot unlock is rejected before initial auction completes (and stays off-tier after) (110ms)
[2m[WebServer] [22m POST /api/auth/signin [32m200[39m in 74ms[2m (compile: 1330µs, proxy.ts: 4ms, render: 69ms)[22m
[2m[WebServer] [22m GET /ap-4xedcr29/squad [32m200[39m in 175ms[2m (compile: 44ms, render: 130ms)[22m
[2m[WebServer] [22m POST /api/auth/signout [32m200[39m in 15ms[2m (compile: 2ms, proxy.ts: 5ms, render: 8ms)[22m
[2m[WebServer] [22m GET /api/auth/me [32m200[39m in 28ms[2m (compile: 7ms, proxy.ts: 13ms, render: 8ms)[22m
[2m[WebServer] [22m GET /signin [32m200[39m in 34ms[2m (compile: 12ms, render: 23ms)[22m
  ok 13 [chromium] › tests\league-types\auction-primary-10.spec.ts:95:7 › Auction Primary 10 (admin + user) › user: squad page loads after the simulated draft (1.1s)
[2m[WebServer] [22m POST /api/auth/signin [32m200[39m in 76ms[2m (compile: 1531µs, proxy.ts: 4ms, render: 71ms)[22m
[2m[WebServer] [22m GET /dashboard [32m200[39m in 1222ms[2m (compile: 1111ms, render: 111ms)[22m
[2m[WebServer] [22m GET /api/auth/me [32m200[39m in 111ms[2m (compile: 90ms, proxy.ts: 13ms, render: 8ms)[22m
[2m[WebServer] [22m POST /api/auth/signout [32m200[39m in 118ms[2m (compile: 96ms, proxy.ts: 15ms, render: 7ms)[22m
[2m[WebServer] [22m GET /signin [32m200[39m in 27ms[2m (compile: 9ms, render: 19ms)[22m
  ok 14 [chromium] › tests\league-types\auction-primary-10.spec.ts:101:7 › Auction Primary 10 (admin + user) › user: dashboard page loads without a client-side error (2.4s)
[2m[WebServer] [22m GET /ap-4xedcr29/finance [32m200[39m in 112ms[2m (compile: 27ms, render: 85ms)[22m
[2m[WebServer] [22m GET /ap-4xedcr29/marketplace [32m200[39m in 140ms[2m (compile: 31ms, render: 109ms)[22m
  ok 15 [chromium] › tests\league-types\auction-primary-10.spec.ts:110:7 › Auction Primary 10 (admin + user) › user: finance + marketplace pages load (marketplace renders "unavailable" for primary) (1.8s)
[2m[WebServer] [22m POST /api/auth/signin [32m200[39m in 103ms[2m (compile: 12ms, proxy.ts: 5ms, render: 85ms)[22m
[2m[WebServer] [22m GET /api/auction/scoring-status?leagueId=194ee33f-5c40-4c66-8c5f-813d79c88f46 [32m200[39m in 684ms[2m (compile: 653ms, proxy.ts: 9ms, render: 23ms)[22m
  ok 16 [chromium] › tests\league-types\auction-primary-10.spec.ts:115:7 › Auction Primary 10 (admin + user) › admin: scoring-status endpoint reports a state for the league (800ms)
[2m[WebServer] [22m POST /api/auth/signin [32m200[39m in 92ms[2m (compile: 7ms, proxy.ts: 6ms, render: 80ms)[22m
[2m[WebServer] [22m POST /api/superadmin/leagues [32m200[39m in 1864ms[2m (compile: 30ms, proxy.ts: 5ms, render: 1828ms)[22m
[2m[WebServer] [22m POST /api/auth/signin [32m200[39m in 78ms[2m (compile: 1504µs, proxy.ts: 4ms, render: 72ms)[22m
[2m[WebServer] [22m POST /api/auth/change-password [32m200[39m in 252ms[2m (compile: 6ms, proxy.ts: 4ms, render: 242ms)[22m
[2m[WebServer] [22m POST /api/team/setup [32m200[39m in 242ms[2m (compile: 6ms, proxy.ts: 5ms, render: 231ms)[22m
[2m[WebServer] [22m POST /api/auth/signout [32m200[39m in 14ms[2m (compile: 4ms, proxy.ts: 5ms, render: 5ms)[22m
[2m[WebServer] [22m POST /api/auth/signin [32m200[39m in 73ms[2m (compile: 1797µs, proxy.ts: 4ms, render: 67ms)[22m
[2m[WebServer] [22m POST /api/auth/change-password [32m200[39m in 248ms[2m (compile: 1717µs, proxy.ts: 4ms, render: 242ms)[22m
[2m[WebServer] [22m POST /api/team/setup [32m200[39m in 264ms[2m (compile: 1644µs, proxy.ts: 5ms, render: 258ms)[22m
[2m[WebServer] [22m POST /api/auth/signout [32m200[39m in 10ms[2m (compile: 1371µs, proxy.ts: 4ms, render: 5ms)[22m
[2m[WebServer] [22m POST /api/auth/signin [32m200[39m in 74ms[2m (compile: 1423µs, proxy.ts: 4ms, render: 68ms)[22m
[2m[WebServer] [22m POST /api/auth/change-password [32m200[39m in 244ms[2m (compile: 1511µs, proxy.ts: 4ms, render: 238ms)[22m
[2m[WebServer] [22m POST /api/team/setup [32m200[39m in 252ms[2m (compile: 1684µs, proxy.ts: 5ms, render: 245ms)[22m
[2m[WebServer] [22m POST /api/auth/signout [32m200[39m in 11ms[2m (compile: 1636µs, proxy.ts: 5ms, render: 5ms)[22m
[2m[WebServer] [22m POST /api/auth/signin [32m200[39m in 72ms[2m (compile: 1687µs, proxy.ts: 4ms, render: 67ms)[22m
[2m[WebServer] [22m POST /api/auth/change-password [32m200[39m in 246ms[2m (compile: 1430µs, proxy.ts: 4ms, render: 240ms)[22m
[2m[WebServer] [22m POST /api/team/setup [32m200[39m in 250ms[2m (compile: 2ms, proxy.ts: 11ms, render: 237ms)[22m
[2m[WebServer] [22m POST /api/auth/signout [32m200[39m in 15ms[2m (compile: 1812µs, proxy.ts: 7ms, render: 7ms)[22m
[2m[WebServer] [22m POST /api/auth/signin [32m200[39m in 83ms[2m (compile: 1492µs, proxy.ts: 4ms, render: 77ms)[22m
[2m[WebServer] [22m POST /api/auth/change-password [32m200[39m in 262ms[2m (compile: 1492µs, proxy.ts: 4ms, render: 256ms)[22m
[2m[WebServer] [22m POST /api/team/setup [32m200[39m in 322ms[2m (compile: 2ms, proxy.ts: 14ms, render: 306ms)[22m
[2m[WebServer] [22m POST /api/auth/signout [32m200[39m in 11ms[2m (compile: 1489µs, proxy.ts: 5ms, render: 5ms)[22m
[2m[WebServer] [22m POST /api/auth/signin [32m200[39m in 78ms[2m (compile: 1419µs, proxy.ts: 5ms, render: 71ms)[22m
[2m[WebServer] [22m POST /api/auth/change-password [32m200[39m in 281ms[2m (compile: 2ms, proxy.ts: 4ms, render: 274ms)[22m
[2m[WebServer] [22m POST /api/team/setup [32m200[39m in 286ms[2m (compile: 2ms, proxy.ts: 4ms, render: 279ms)[22m
[2m[WebServer] [22m POST /api/auth/signout [32m200[39m in 10ms[2m (compile: 1349µs, proxy.ts: 4ms, render: 5ms)[22m
[2m[WebServer] [22m POST /api/auth/signin [32m200[39m in 72ms[2m (compile: 1479µs, proxy.ts: 4ms, render: 67ms)[22m
[2m[WebServer] [22m POST /api/auth/change-password [32m200[39m in 270ms[2m (compile: 1575µs, proxy.ts: 4ms, render: 265ms)[22m
[2m[WebServer] [22m POST /api/team/setup [32m200[39m in 297ms[2m (compile: 1615µs, proxy.ts: 5ms, render: 290ms)[22m
[2m[WebServer] [22m POST /api/auth/signout [32m200[39m in 10ms[2m (compile: 1468µs, proxy.ts: 4ms, render: 5ms)[22m
[2m[WebServer] [22m POST /api/auth/signin [32m200[39m in 75ms[2m (compile: 1450µs, proxy.ts: 4ms, render: 70ms)[22m
[2m[WebServer] [22m POST /api/auth/change-password [32m200[39m in 663ms[2m (compile: 1412µs, proxy.ts: 4ms, render: 657ms)[22m
[2m[WebServer] [22m POST /api/team/setup [32m200[39m in 242ms[2m (compile: 1714µs, proxy.ts: 5ms, render: 235ms)[22m
[2m[WebServer] [22m POST /api/auth/signout [32m200[39m in 11ms[2m (compile: 1680µs, proxy.ts: 4ms, render: 5ms)[22m
[2m[WebServer] [22m POST /api/auth/signin [32m200[39m in 84ms[2m (compile: 1566µs, proxy.ts: 4ms, render: 78ms)[22m
[2m[WebServer] [22m POST /api/auth/change-password [32m200[39m in 257ms[2m (compile: 1588µs, proxy.ts: 5ms, render: 251ms)[22m
[2m[WebServer] [22m POST /api/team/setup [32m200[39m in 253ms[2m (compile: 1818µs, proxy.ts: 4ms, render: 247ms)[22m
[2m[WebServer] [22m POST /api/auth/signout [32m200[39m in 10ms[2m (compile: 1386µs, proxy.ts: 4ms, render: 4ms)[22m
[2m[WebServer] [22m POST /api/auth/signin [32m200[39m in 74ms[2m (compile: 1388µs, proxy.ts: 4ms, render: 69ms)[22m
[2m[WebServer] [22m POST /api/auth/change-password [32m200[39m in 273ms[2m (compile: 1404µs, proxy.ts: 4ms, render: 268ms)[22m
[2m[WebServer] [22m POST /api/team/setup [32m200[39m in 286ms[2m (compile: 1415µs, proxy.ts: 5ms, render: 279ms)[22m
[2m[WebServer] [22m POST /api/auth/signout [32m200[39m in 10ms[2m (compile: 1351µs, proxy.ts: 4ms, render: 5ms)[22m
[2m[WebServer] [22m POST /api/auth/signin [32m200[39m in 72ms[2m (compile: 1341µs, proxy.ts: 4ms, render: 67ms)[22m
[2m[WebServer] [22m POST /api/auth/change-password [32m200[39m in 269ms[2m (compile: 1454µs, proxy.ts: 4ms, render: 263ms)[22m
[2m[WebServer] [22m POST /api/team/setup [32m200[39m in 285ms[2m (compile: 1699µs, proxy.ts: 5ms, render: 279ms)[22m
[2m[WebServer] [22m POST /api/auth/signout [32m200[39m in 10ms[2m (compile: 1705µs, proxy.ts: 4ms, render: 5ms)[22m
[2m[WebServer] [22m POST /api/auth/signin [32m200[39m in 73ms[2m (compile: 1606µs, proxy.ts: 4ms, render: 68ms)[22m
[2m[WebServer] [22m POST /api/auth/change-password [32m200[39m in 270ms[2m (compile: 1484µs, proxy.ts: 4ms, render: 264ms)[22m
[2m[WebServer] [22m POST /api/team/setup [32m200[39m in 295ms[2m (compile: 1707µs, proxy.ts: 7ms, render: 287ms)[22m
[2m[WebServer] [22m POST /api/auth/signout [32m200[39m in 11ms[2m (compile: 1684µs, proxy.ts: 4ms, render: 5ms)[22m
[2m[WebServer] [22m POST /api/auth/signin [32m200[39m in 80ms[2m (compile: 8ms, proxy.ts: 5ms, render: 67ms)[22m
[2m[WebServer] [22m POST /api/auth/change-password [32m200[39m in 270ms[2m (compile: 1557µs, proxy.ts: 4ms, render: 265ms)[22m
[2m[WebServer] [22m POST /api/team/setup [32m200[39m in 308ms[2m (compile: 1562µs, proxy.ts: 5ms, render: 302ms)[22m
[2m[WebServer] [22m POST /api/auth/signout [32m200[39m in 11ms[2m (compile: 2ms, proxy.ts: 4ms, render: 5ms)[22m
[2m[WebServer] [22m POST /api/auth/signin [32m200[39m in 76ms[2m (compile: 1453µs, proxy.ts: 4ms, render: 70ms)[22m
[2m[WebServer] [22m POST /api/auth/change-password [32m200[39m in 287ms[2m (compile: 1468µs, proxy.ts: 4ms, render: 282ms)[22m
[2m[WebServer] [22m POST /api/team/setup [32m200[39m in 259ms[2m (compile: 1506µs, proxy.ts: 5ms, render: 252ms)[22m
[2m[WebServer] [22m POST /api/auth/signout [32m200[39m in 10ms[2m (compile: 1552µs, proxy.ts: 4ms, render: 4ms)[22m
[2m[WebServer] [22m POST /api/auth/signin [32m200[39m in 73ms[2m (compile: 1936µs, proxy.ts: 4ms, render: 68ms)[22m
[2m[WebServer] [22m POST /api/auth/change-password [32m200[39m in 247ms[2m (compile: 1371µs, proxy.ts: 4ms, render: 242ms)[22m
[2m[WebServer] [22m POST /api/team/setup [32m200[39m in 629ms[2m (compile: 1551µs, proxy.ts: 4ms, render: 623ms)[22m
[2m[WebServer] [22m POST /api/auth/signout [32m200[39m in 11ms[2m (compile: 1552µs, proxy.ts: 4ms, render: 5ms)[22m
[2m[WebServer] [22m POST /api/auth/signin [32m200[39m in 73ms[2m (compile: 1541µs, proxy.ts: 4ms, render: 68ms)[22m
[2m[WebServer] [22m POST /api/auth/change-password [32m200[39m in 246ms[2m (compile: 1436µs, proxy.ts: 5ms, render: 240ms)[22m
[2m[WebServer] [22m POST /api/team/setup [32m200[39m in 283ms[2m (compile: 1451µs, proxy.ts: 5ms, render: 277ms)[22m
[2m[WebServer] [22m POST /api/auth/signout [32m200[39m in 10ms[2m (compile: 1437µs, proxy.ts: 4ms, render: 5ms)[22m
[2m[WebServer] [22m POST /api/auth/signin [32m200[39m in 76ms[2m (compile: 2ms, proxy.ts: 4ms, render: 70ms)[22m
[2m[WebServer] [22m POST /api/auth/change-password [32m200[39m in 277ms[2m (compile: 1469µs, proxy.ts: 4ms, render: 271ms)[22m
[2m[WebServer] [22m POST /api/team/setup [32m200[39m in 275ms[2m (compile: 1339µs, proxy.ts: 4ms, render: 270ms)[22m
[2m[WebServer] [22m POST /api/auth/signout [32m200[39m in 10ms[2m (compile: 1259µs, proxy.ts: 4ms, render: 5ms)[22m
[2m[WebServer] [22m POST /api/auth/signin [32m200[39m in 71ms[2m (compile: 1328µs, proxy.ts: 4ms, render: 66ms)[22m
[2m[WebServer] [22m POST /api/auth/change-password [32m200[39m in 282ms[2m (compile: 1711µs, proxy.ts: 4ms, render: 276ms)[22m
[2m[WebServer] [22m POST /api/team/setup [32m200[39m in 296ms[2m (compile: 1539µs, proxy.ts: 6ms, render: 288ms)[22m
[2m[WebServer] [22m POST /api/auth/signout [32m200[39m in 10ms[2m (compile: 1487µs, proxy.ts: 4ms, render: 4ms)[22m
[2m[WebServer] [22m POST /api/auth/signin [32m200[39m in 81ms[2m (compile: 1442µs, proxy.ts: 13ms, render: 66ms)[22m
[2m[WebServer] [22m POST /api/auth/change-password [32m200[39m in 272ms[2m (compile: 1558µs, proxy.ts: 5ms, render: 265ms)[22m
[2m[WebServer] [22m POST /api/team/setup [32m200[39m in 296ms[2m (compile: 1544µs, proxy.ts: 5ms, render: 290ms)[22m
[2m[WebServer] [22m POST /api/auth/signout [32m200[39m in 10ms[2m (compile: 1524µs, proxy.ts: 4ms, render: 5ms)[22m
[2m[WebServer] [22m POST /api/auth/signin [32m200[39m in 74ms[2m (compile: 1479µs, proxy.ts: 4ms, render: 69ms)[22m
[2m[WebServer] [22m POST /api/auth/change-password [32m200[39m in 267ms[2m (compile: 1347µs, proxy.ts: 4ms, render: 262ms)[22m
[2m[WebServer] [22m POST /api/team/setup [32m200[39m in 298ms[2m (compile: 1320µs, proxy.ts: 4ms, render: 292ms)[22m
[2m[WebServer] [22m POST /api/auth/signout [32m200[39m in 11ms[2m (compile: 1633µs, proxy.ts: 4ms, render: 5ms)[22m
[2m[WebServer] [22m POST /api/auth/signin [32m200[39m in 73ms[2m (compile: 1426µs, proxy.ts: 5ms, render: 66ms)[22m
[2m[WebServer] [22m POST /api/admin/tc-4xetm7kx/generate-fixtures [32m200[39m in 58s[2m (compile: 1329ms, proxy.ts: 5ms, render: 56s)[22m
  ok 17 [chromium] › tests\league-types\continental-championship-20.spec.ts:45:7 › Continental Championship 20 (admin + user) › admin: league created with 20 teams and continental-championship format (3ms)
[2m[WebServer] [22m POST /api/auth/signin [32m200[39m in 253ms[2m (compile: 9ms, proxy.ts: 10ms, render: 234ms)[22m
[2m[WebServer] [22m GET /api/admin/tc-4xetm7kx/generate-fixtures [32m200[39m in 36ms[2m (compile: 17ms, proxy.ts: 8ms, render: 11ms)[22m
  ok 18 [chromium] › tests\league-types\continental-championship-20.spec.ts:50:7 › Continental Championship 20 (admin + user) › admin: fixture generation produces 38 GWs of PL fixtures (307ms)
[2m[WebServer] [22m POST /api/auth/signin [32m200[39m in 98ms[2m (compile: 1801µs, proxy.ts: 5ms, render: 91ms)[22m
[2m[WebServer] [22m POST /api/admin/tc-4xetm7kx/generate-cup-groups [32m200[39m in 23.9s[2m (compile: 1255ms, proxy.ts: 12ms, render: 22.7s)[22m
[2m[WebServer] [22m DELETE /api/admin/tc-4xetm7kx/generate-cup-groups [32m200[39m in 213ms[2m (compile: 13ms, proxy.ts: 10ms, render: 190ms)[22m
  ok 19 [chromium] › tests\league-types\continental-championship-20.spec.ts:57:7 › Continental Championship 20 (admin + user) › admin: cup groups can be generated and deleted (24.3s)
[2m[WebServer] [22m GET /api/continental-championship/cup-standings?leagueId=96b77109-a27f-4a8b-bf9f-0913a786cb29 [32m200[39m in 417ms[2m (compile: 399ms, proxy.ts: 5ms, render: 13ms)[22m
  ok 20 [chromium] › tests\league-types\continental-championship-20.spec.ts:69:7 › Continental Championship 20 (admin + user) › user: cup-standings endpoint returns JSON (424ms)
[2m[WebServer] [22m GET /tc-4xetm7kx/standings [32m200[39m in 2.1s[2m (compile: 1858ms, render: 205ms)[22m
[2m[WebServer] [22m GET /api/standings?leagueSlug=tc-4xetm7kx [32m200[39m in 756ms[2m (compile: 705ms, proxy.ts: 6ms, render: 45ms)[22m
[2m[WebServer] [22m GET /tc-4xetm7kx/fixtures [32m200[39m in 1806ms[2m (compile: 1558ms, render: 248ms)[22m
[2m[WebServer] [22m GET /api/fixtures?leagueSlug=tc-4xetm7kx [32m200[39m in 732ms[2m (compile: 638ms, proxy.ts: 7ms, render: 87ms)[22m
  ok 21 [chromium] › tests\league-types\continental-championship-20.spec.ts:74:7 › Continental Championship 20 (admin + user) › user: standings + fixtures pages render (9.0s)
[2m[WebServer] [22mError: Route "/[leagueSlug]/jcl" used `params.leagueSlug`. `params` is a Promise and must be unwrapped with `await` or `React.use()` before accessing its properties. Learn more: https://nextjs.org/docs/messages/sync-dynamic-apis
[2m[WebServer] [22m    at JclRedirectPage (src\app\[leagueSlug]\jcl\page.tsx:4:23)
[2m[WebServer] [22m[0m [90m 2 |[39m
[2m[WebServer] [22m [90m 3 |[39m [36mexport[39m [36mdefault[39m [36mfunction[39m [33mJclRedirectPage[39m({ params }[33m:[39m { params[33m:[39m { leagueSlug[33m:[39m string } }) {
[2m[WebServer] [22m[31m[1m>[22m[39m[90m 4 |[39m   redirect([32m`/${params.leagueSlug}/jpl-cup-standings`[39m)[33m;[39m
[2m[WebServer] [22m [90m   |[39m                       [31m[1m^[22m[39m
[2m[WebServer] [22m [90m 5 |[39m }
[2m[WebServer] [22m [90m 6 |[39m[0m
[2m[WebServer] [22m GET /tc-4xetm7kx/jcl [32m200[39m in 1678ms[2m (compile: 1499ms, render: 179ms)[22m
[2m[WebServer] [22mError: Route "/[leagueSlug]/jel" used `params.leagueSlug`. `params` is a Promise and must be unwrapped with `await` or `React.use()` before accessing its properties. Learn more: https://nextjs.org/docs/messages/sync-dynamic-apis
[2m[WebServer] [22m    at JelRedirectPage (src\app\[leagueSlug]\jel\page.tsx:4:23)
[2m[WebServer] [22m[0m [90m 2 |[39m
[2m[WebServer] [22m [90m 3 |[39m [36mexport[39m [36mdefault[39m [36mfunction[39m [33mJelRedirectPage[39m({ params }[33m:[39m { params[33m:[39m { leagueSlug[33m:[39m string } }) {
[2m[WebServer] [22m[31m[1m>[22m[39m[90m 4 |[39m   redirect([32m`/${params.leagueSlug}/jpl-cup-standings`[39m)[33m;[39m
[2m[WebServer] [22m [90m   |[39m                       [31m[1m^[22m[39m
[2m[WebServer] [22m [90m 5 |[39m }
[2m[WebServer] [22m [90m 6 |[39m[0m
[2m[WebServer] [22m GET /tc-4xetm7kx/jel [32m200[39m in 1568ms[2m (compile: 1402ms, render: 166ms)[22m
[2m[WebServer] [22m GET /tc-4xetm7kx/jpl-cup-standings [32m200[39m in 1919ms[2m (compile: 1607ms, render: 312ms)[22m
  ok 22 [chromium] › tests\league-types\continental-championship-20.spec.ts:81:7 › Continental Championship 20 (admin + user) › user: JCL / JEL / cup standings pages load (7.5s)
[2m[WebServer] [22m GET /tc-4xetm7kx/rules [32m200[39m in 2.1s[2m (compile: 1976ms, render: 161ms)[22m
  ok 23 [chromium] › tests\league-types\continental-championship-20.spec.ts:87:7 › Continental Championship 20 (admin + user) › user: rules page renders Continental-Championship-specific content (3.2s)
[2m[WebServer] [22m POST /api/auth/signin [32m200[39m in 92ms[2m (compile: 7ms, proxy.ts: 6ms, render: 79ms)[22m
[2m[WebServer] [22m GET /api/test-fpl-stub/bootstrap-static [32m200[39m in 728ms[2m (compile: 707ms, proxy.ts: 5ms, render: 16ms)[22m
[2m[WebServer] [22m GET /api/test-fpl-stub/bootstrap-static [32m200[39m in 30ms[2m (compile: 17ms, proxy.ts: 4ms, render: 9ms)[22m
[2m[WebServer] [22m GET /api/team/dashboard [32m200[39m in 7.3s[2m (compile: 897ms, proxy.ts: 4ms, render: 6.4s)[22m
[2m[WebServer] [22m GET /api/test-fpl-stub/bootstrap-static [32m200[39m in 31ms[2m (compile: 16ms, proxy.ts: 7ms, render: 8ms)[22m
[2m[WebServer] [22m POST /api/team/captain [32m200[39m in 1128ms[2m (compile: 821ms, proxy.ts: 7ms, render: 300ms)[22m
[2m[WebServer] [22m POST /api/auth/signout [32m200[39m in 1085ms[2m (compile: 1071ms, proxy.ts: 5ms, render: 9ms)[22m
  ok 24 [chromium] › tests\league-types\continental-championship-20.spec.ts:92:7 › Continental Championship 20 (admin + user) › user: captain submission honours the Continental-Championship-specific 19-chip cap (9.6s)
[2m[WebServer] [22m POST /api/auth/signin [32m200[39m in 118ms[2m (compile: 34ms, proxy.ts: 4ms, render: 80ms)[22m
[2m[WebServer] [22m POST /api/superadmin/leagues [32m200[39m in 1790ms[2m (compile: 665ms, proxy.ts: 5ms, render: 1120ms)[22m
[2m[WebServer] [22m POST /api/auth/signin [32m200[39m in 215ms[2m (compile: 10ms, proxy.ts: 114ms, render: 92ms)[22m
[2m[WebServer] [22m POST /api/auth/change-password [32m200[39m in 1846ms[2m (compile: 1346ms, proxy.ts: 12ms, render: 488ms)[22m
[2m[WebServer] [22m POST /api/team/setup [32m200[39m in 1911ms[2m (compile: 708ms, proxy.ts: 6ms, render: 1197ms)[22m
[2m[WebServer] [22m POST /api/auth/signout [32m200[39m in 14ms[2m (compile: 4ms, proxy.ts: 4ms, render: 6ms)[22m
[2m[WebServer] [22m POST /api/auth/signin [32m200[39m in 83ms[2m (compile: 5ms, proxy.ts: 4ms, render: 74ms)[22m
[2m[WebServer] [22m POST /api/auth/change-password [32m200[39m in 265ms[2m (compile: 5ms, proxy.ts: 4ms, render: 255ms)[22m
[2m[WebServer] [22m POST /api/team/setup [32m200[39m in 318ms[2m (compile: 1401µs, proxy.ts: 4ms, render: 313ms)[22m
[2m[WebServer] [22m POST /api/auth/signout [32m200[39m in 10ms[2m (compile: 1462µs, proxy.ts: 4ms, render: 5ms)[22m
[2m[WebServer] [22m POST /api/auth/signin [32m200[39m in 76ms[2m (compile: 1371µs, proxy.ts: 4ms, render: 71ms)[22m
[2m[WebServer] [22m POST /api/auth/change-password [32m200[39m in 282ms[2m (compile: 1911µs, proxy.ts: 4ms, render: 276ms)[22m
[2m[WebServer] [22m POST /api/team/setup [32m200[39m in 290ms[2m (compile: 3ms, proxy.ts: 5ms, render: 283ms)[22m
[2m[WebServer] [22m POST /api/auth/signout [32m200[39m in 11ms[2m (compile: 1545µs, proxy.ts: 4ms, render: 5ms)[22m
[2m[WebServer] [22m POST /api/auth/signin [32m200[39m in 73ms[2m (compile: 1440µs, proxy.ts: 4ms, render: 68ms)[22m
[2m[WebServer] [22m POST /api/auth/change-password [32m200[39m in 268ms[2m (compile: 1393µs, proxy.ts: 4ms, render: 262ms)[22m
[2m[WebServer] [22m POST /api/team/setup [32m200[39m in 352ms[2m (compile: 1558µs, proxy.ts: 4ms, render: 346ms)[22m
[2m[WebServer] [22m POST /api/auth/signout [32m200[39m in 11ms[2m (compile: 1563µs, proxy.ts: 4ms, render: 5ms)[22m
[2m[WebServer] [22m POST /api/auth/signin [32m200[39m in 75ms[2m (compile: 1429µs, proxy.ts: 4ms, render: 70ms)[22m
[2m[WebServer] [22m POST /api/auth/change-password [32m200[39m in 276ms[2m (compile: 1403µs, proxy.ts: 4ms, render: 271ms)[22m
[2m[WebServer] [22m POST /api/team/setup [32m200[39m in 302ms[2m (compile: 1398µs, proxy.ts: 4ms, render: 296ms)[22m
[2m[WebServer] [22m POST /api/auth/signout [32m200[39m in 11ms[2m (compile: 1438µs, proxy.ts: 4ms, render: 5ms)[22m
[2m[WebServer] [22m POST /api/auth/signin [32m200[39m in 72ms[2m (compile: 1834µs, proxy.ts: 4ms, render: 66ms)[22m
[2m[WebServer] [22m POST /api/auth/change-password [32m200[39m in 268ms[2m (compile: 1352µs, proxy.ts: 4ms, render: 263ms)[22m
[2m[WebServer] [22m POST /api/team/setup [32m200[39m in 308ms[2m (compile: 1408µs, proxy.ts: 4ms, render: 303ms)[22m
[2m[WebServer] [22m POST /api/auth/signout [32m200[39m in 11ms[2m (compile: 1451µs, proxy.ts: 4ms, render: 5ms)[22m
[2m[WebServer] [22m POST /api/auth/signin [32m200[39m in 75ms[2m (compile: 1724µs, proxy.ts: 6ms, render: 67ms)[22m
[2m[WebServer] [22m POST /api/auth/change-password [32m200[39m in 256ms[2m (compile: 3ms, proxy.ts: 5ms, render: 248ms)[22m
[2m[WebServer] [22m POST /api/team/setup [32m200[39m in 231ms[2m (compile: 1632µs, proxy.ts: 4ms, render: 225ms)[22m
[2m[WebServer] [22m POST /api/auth/signout [32m200[39m in 11ms[2m (compile: 1414µs, proxy.ts: 4ms, render: 5ms)[22m
[2m[WebServer] [22m POST /api/auth/signin [32m200[39m in 76ms[2m (compile: 1692µs, proxy.ts: 4ms, render: 71ms)[22m
[2m[WebServer] [22m POST /api/auth/change-password [32m200[39m in 254ms[2m (compile: 1519µs, proxy.ts: 4ms, render: 249ms)[22m
[2m[WebServer] [22m POST /api/team/setup [32m200[39m in 264ms[2m (compile: 2ms, proxy.ts: 5ms, render: 257ms)[22m
[2m[WebServer] [22m POST /api/auth/signout [32m200[39m in 11ms[2m (compile: 1362µs, proxy.ts: 4ms, render: 5ms)[22m
[2m[WebServer] [22m POST /api/auth/signin [32m200[39m in 74ms[2m (compile: 1387µs, proxy.ts: 4ms, render: 69ms)[22m
[2m[WebServer] [22m POST /api/admin/t8-4xhot3rw/generate-fixtures [32m200[39m in 17.3s[2m (compile: 21ms, proxy.ts: 5ms, render: 17.2s)[22m
[2m[WebServer] [22m POST /api/test-fpl-stub/control [32m200[39m in 36ms[2m (compile: 18ms, proxy.ts: 9ms, render: 10ms)[22m
[2m[WebServer] [22m POST /api/auth/signout [32m200[39m in 13ms[2m (compile: 2ms, proxy.ts: 5ms, render: 5ms)[22m
[2m[WebServer] [22m GET /api/test-fpl-stub/bootstrap-static [32m200[39m in 28ms[2m (compile: 15ms, proxy.ts: 4ms, render: 9ms)[22m
[2m[WebServer] [22m GET /api/test-fpl-stub/entry/1002/history [32m200[39m in 38ms[2m (compile: 10ms, proxy.ts: 8ms, render: 20ms)[22m
[2m[WebServer] [22m GET /api/test-fpl-stub/entry/1003/history [32m200[39m in 38ms[2m (compile: 10ms, proxy.ts: 8ms, render: 20ms)[22m
[2m[WebServer] [22m GET /api/test-fpl-stub/entry/1004/history [32m200[39m in 38ms[2m (compile: 10ms, proxy.ts: 8ms, render: 20ms)[22m
[2m[WebServer] [22m GET /api/test-fpl-stub/entry/1005/history [32m200[39m in 38ms[2m (compile: 10ms, proxy.ts: 8ms, render: 20ms)[22m
[2m[WebServer] [22m GET /api/test-fpl-stub/entry/1006/history [32m200[39m in 39ms[2m (compile: 11ms, proxy.ts: 8ms, render: 19ms)[22m
[2m[WebServer] [22m GET /api/test-fpl-stub/entry/1007/history [32m200[39m in 39ms[2m (compile: 11ms, proxy.ts: 8ms, render: 19ms)[22m
[2m[WebServer] [22m GET /api/test-fpl-stub/entry/1008/history [32m200[39m in 39ms[2m (compile: 11ms, proxy.ts: 8ms, render: 19ms)[22m
[2m[WebServer] [22m GET /api/test-fpl-stub/entry/1009/history [32m200[39m in 39ms[2m (compile: 11ms, proxy.ts: 8ms, render: 19ms)[22m
[2m[WebServer] [22m GET /api/test-fpl-stub/entry/1010/history [32m200[39m in 37ms[2m (compile: 11ms, proxy.ts: 8ms, render: 18ms)[22m
[2m[WebServer] [22m GET /api/test-fpl-stub/entry/1011/history [32m200[39m in 37ms[2m (compile: 11ms, proxy.ts: 8ms, render: 18ms)[22m
[2m[WebServer] [22m GET /api/test-fpl-stub/entry/1012/history [32m200[39m in 37ms[2m (compile: 11ms, proxy.ts: 8ms, render: 18ms)[22m
[2m[WebServer] [22m GET /api/test-fpl-stub/entry/1013/history [32m200[39m in 37ms[2m (compile: 11ms, proxy.ts: 8ms, render: 18ms)[22m
[2m[WebServer] [22m[fpl] fpl-league warm lane=background calls=12/12 rejected=0
[2m[WebServer] [22m GET /api/fpl-league?leagueSlug=t8-4xhot3rw [32m200[39m in 1313ms[2m (compile: 861ms, proxy.ts: 5ms, render: 448ms)[22m
  ok 25 [chromium] › tests\league-types\fpl-league.spec.ts:58:7 › FPL League (TVT) › is public — a signed-out visitor gets the standings (1.3s)
[2m[WebServer] [22m GET /api/test-fpl-stub/bootstrap-static [32m200[39m in 13ms[2m (compile: 3ms, proxy.ts: 4ms, render: 6ms)[22m
[2m[WebServer] [22m GET /api/test-fpl-stub/entry/1002/history [32m200[39m in 55ms[2m (compile: 24ms, proxy.ts: 7ms, render: 23ms)[22m
[2m[WebServer] [22m GET /api/test-fpl-stub/entry/1003/history [32m200[39m in 55ms[2m (compile: 24ms, proxy.ts: 8ms, render: 23ms)[22m
[2m[WebServer] [22m GET /api/test-fpl-stub/entry/1004/history [32m200[39m in 55ms[2m (compile: 25ms, proxy.ts: 8ms, render: 23ms)[22m
[2m[WebServer] [22m GET /api/test-fpl-stub/entry/1005/history [32m200[39m in 55ms[2m (compile: 25ms, proxy.ts: 8ms, render: 23ms)[22m
[2m[WebServer] [22m GET /api/test-fpl-stub/entry/1006/history [32m200[39m in 37ms[2m (compile: 9ms, proxy.ts: 8ms, render: 20ms)[22m
[2m[WebServer] [22m GET /api/test-fpl-stub/entry/1007/history [32m200[39m in 37ms[2m (compile: 9ms, proxy.ts: 8ms, render: 20ms)[22m
[2m[WebServer] [22m GET /api/test-fpl-stub/entry/1008/history [32m200[39m in 37ms[2m (compile: 9ms, proxy.ts: 8ms, render: 20ms)[22m
[2m[WebServer] [22m GET /api/test-fpl-stub/entry/1009/history [32m200[39m in 37ms[2m (compile: 9ms, proxy.ts: 8ms, render: 20ms)[22m
[2m[WebServer] [22m GET /api/test-fpl-stub/entry/1010/history [32m200[39m in 36ms[2m (compile: 11ms, proxy.ts: 7ms, render: 17ms)[22m
[2m[WebServer] [22m GET /api/test-fpl-stub/entry/1011/history [32m200[39m in 36ms[2m (compile: 11ms, proxy.ts: 7ms, render: 17ms)[22m
[2m[WebServer] [22m GET /api/test-fpl-stub/entry/1012/history [32m200[39m in 36ms[2m (compile: 11ms, proxy.ts: 7ms, render: 17ms)[22m
[2m[WebServer] [22m GET /api/test-fpl-stub/entry/1013/history [32m200[39m in 36ms[2m (compile: 11ms, proxy.ts: 7ms, render: 17ms)[22m
[2m[WebServer] [22m[fpl] fpl-league warm lane=background calls=12/12 rejected=0
[2m[WebServer] [22m GET /api/fpl-league?leagueSlug=t8-4xhot3rw [32m200[39m in 479ms[2m (compile: 1682µs, proxy.ts: 6ms, render: 472ms)[22m
[2m[WebServer] [22m GET /api/test-fpl-stub/bootstrap-static [32m200[39m in 14ms[2m (compile: 3ms, proxy.ts: 4ms, render: 6ms)[22m
[2m[WebServer] [22m GET /api/test-fpl-stub/entry/1002/history [32m200[39m in 49ms[2m (compile: 12ms, proxy.ts: 11ms, render: 26ms)[22m
[2m[WebServer] [22m GET /api/test-fpl-stub/entry/1003/history [32m200[39m in 49ms[2m (compile: 12ms, proxy.ts: 11ms, render: 26ms)[22m
[2m[WebServer] [22m GET /api/test-fpl-stub/entry/1004/history [32m200[39m in 49ms[2m (compile: 12ms, proxy.ts: 11ms, render: 26ms)[22m
[2m[WebServer] [22m GET /api/test-fpl-stub/entry/1005/history [32m200[39m in 49ms[2m (compile: 12ms, proxy.ts: 11ms, render: 26ms)[22m
[2m[WebServer] [22m GET /api/test-fpl-stub/entry/1006/history [32m200[39m in 39ms[2m (compile: 11ms, proxy.ts: 7ms, render: 21ms)[22m
[2m[WebServer] [22m GET /api/test-fpl-stub/entry/1007/history [32m200[39m in 39ms[2m (compile: 11ms, proxy.ts: 7ms, render: 21ms)[22m
[2m[WebServer] [22m GET /api/test-fpl-stub/entry/1008/history [32m200[39m in 39ms[2m (compile: 11ms, proxy.ts: 7ms, render: 21ms)[22m
[2m[WebServer] [22m GET /api/test-fpl-stub/entry/1009/history [32m200[39m in 39ms[2m (compile: 11ms, proxy.ts: 7ms, render: 21ms)[22m
[2m[WebServer] [22m GET /api/test-fpl-stub/entry/1010/history [32m200[39m in 49ms[2m (compile: 18ms, proxy.ts: 8ms, render: 23ms)[22m
[2m[WebServer] [22m GET /api/test-fpl-stub/entry/1012/history [32m200[39m in 49ms[2m (compile: 18ms, proxy.ts: 8ms, render: 23ms)[22m
[2m[WebServer] [22m GET /api/test-fpl-stub/entry/1013/history [32m200[39m in 49ms[2m (compile: 18ms, proxy.ts: 8ms, render: 23ms)[22m
[2m[WebServer] [22m GET /api/test-fpl-stub/entry/1011/history [32m200[39m in 49ms[2m (compile: 18ms, proxy.ts: 8ms, render: 23ms)[22m
[2m[WebServer] [22m[fpl] fpl-league warm lane=background calls=12/12 rejected=0
[2m[WebServer] [22m GET /api/fpl-league?leagueSlug=t8-4xhot3rw [32m200[39m in 512ms[2m (compile: 1696µs, proxy.ts: 5ms, render: 505ms)[22m
[2m[WebServer] [22m GET /api/test-fpl-stub/bootstrap-static [32m200[39m in 14ms[2m (compile: 4ms, proxy.ts: 5ms, render: 5ms)[22m
[2m[WebServer] [22m GET /api/test-fpl-stub/entry/1002/history [32m200[39m in 38ms[2m (compile: 10ms, proxy.ts: 8ms, render: 20ms)[22m
[2m[WebServer] [22m GET /api/test-fpl-stub/entry/1003/history [32m200[39m in 38ms[2m (compile: 10ms, proxy.ts: 8ms, render: 21ms)[22m
[2m[WebServer] [22m GET /api/test-fpl-stub/entry/1004/history [32m200[39m in 38ms[2m (compile: 10ms, proxy.ts: 8ms, render: 21ms)[22m
[2m[WebServer] [22m GET /api/test-fpl-stub/entry/1005/history [32m200[39m in 38ms[2m (compile: 10ms, proxy.ts: 8ms, render: 21ms)[22m
[2m[WebServer] [22m GET /api/test-fpl-stub/entry/1006/history [32m200[39m in 35ms[2m (compile: 10ms, proxy.ts: 7ms, render: 18ms)[22m
[2m[WebServer] [22m GET /api/test-fpl-stub/entry/1007/history [32m200[39m in 35ms[2m (compile: 10ms, proxy.ts: 7ms, render: 18ms)[22m
[2m[WebServer] [22m GET /api/test-fpl-stub/entry/1008/history [32m200[39m in 35ms[2m (compile: 10ms, proxy.ts: 7ms, render: 18ms)[22m
[2m[WebServer] [22m GET /api/test-fpl-stub/entry/1009/history [32m200[39m in 35ms[2m (compile: 10ms, proxy.ts: 7ms, render: 18ms)[22m
[2m[WebServer] [22m GET /api/test-fpl-stub/entry/1011/history [32m200[39m in 37ms[2m (compile: 11ms, proxy.ts: 8ms, render: 18ms)[22m
[2m[WebServer] [22m GET /api/test-fpl-stub/entry/1012/history [32m200[39m in 37ms[2m (compile: 11ms, proxy.ts: 8ms, render: 18ms)[22m
[2m[WebServer] [22m GET /api/test-fpl-stub/entry/1013/history [32m200[39m in 37ms[2m (compile: 11ms, proxy.ts: 8ms, render: 18ms)[22m
[2m[WebServer] [22m GET /api/test-fpl-stub/entry/1010/history [32m200[39m in 37ms[2m (compile: 11ms, proxy.ts: 8ms, render: 18ms)[22m
[2m[WebServer] [22m[fpl] fpl-league warm lane=background calls=12/12 rejected=0
[2m[WebServer] [22m GET /api/fpl-league?leagueSlug=t8-4xhot3rw [32m200[39m in 486ms[2m (compile: 1559µs, proxy.ts: 6ms, render: 479ms)[22m
[2m[WebServer] [22m GET /api/test-fpl-stub/bootstrap-static [32m200[39m in 23ms[2m (compile: 12ms, proxy.ts: 4ms, render: 8ms)[22m
[2m[WebServer] [22m GET /api/test-fpl-stub/entry/1002/history [32m200[39m in 41ms[2m (compile: 15ms, proxy.ts: 8ms, render: 19ms)[22m
[2m[WebServer] [22m GET /api/test-fpl-stub/entry/1003/history [32m200[39m in 41ms[2m (compile: 15ms, proxy.ts: 8ms, render: 19ms)[22m
[2m[WebServer] [22m GET /api/test-fpl-stub/entry/1004/history [32m200[39m in 41ms[2m (compile: 15ms, proxy.ts: 8ms, render: 19ms)[22m
[2m[WebServer] [22m GET /api/test-fpl-stub/entry/1005/history [32m200[39m in 41ms[2m (compile: 15ms, proxy.ts: 8ms, render: 19ms)[22m
[2m[WebServer] [22m GET /api/test-fpl-stub/entry/1006/history [32m200[39m in 34ms[2m (compile: 10ms, proxy.ts: 7ms, render: 17ms)[22m
[2m[WebServer] [22m GET /api/test-fpl-stub/entry/1007/history [32m200[39m in 34ms[2m (compile: 10ms, proxy.ts: 7ms, render: 17ms)[22m
[2m[WebServer] [22m GET /api/test-fpl-stub/entry/1008/history [32m200[39m in 35ms[2m (compile: 10ms, proxy.ts: 7ms, render: 17ms)[22m
[2m[WebServer] [22m GET /api/test-fpl-stub/entry/1009/history [32m200[39m in 35ms[2m (compile: 10ms, proxy.ts: 7ms, render: 17ms)[22m
[2m[WebServer] [22m GET /api/test-fpl-stub/entry/1010/history [32m200[39m in 35ms[2m (compile: 10ms, proxy.ts: 8ms, render: 17ms)[22m
[2m[WebServer] [22m GET /api/test-fpl-stub/entry/1011/history [32m200[39m in 35ms[2m (compile: 10ms, proxy.ts: 8ms, render: 17ms)[22m
[2m[WebServer] [22m GET /api/test-fpl-stub/entry/1012/history [32m200[39m in 35ms[2m (compile: 10ms, proxy.ts: 8ms, render: 17ms)[22m
[2m[WebServer] [22m GET /api/test-fpl-stub/entry/1013/history [32m200[39m in 35ms[2m (compile: 10ms, proxy.ts: 8ms, render: 17ms)[22m
[2m[WebServer] [22m[fpl] fpl-league warm lane=background calls=12/12 rejected=0
[2m[WebServer] [22m GET /api/fpl-league?leagueSlug=t8-4xhot3rw [32m200[39m in 494ms[2m (compile: 1534µs, proxy.ts: 4ms, render: 488ms)[22m
[2m[WebServer] [22m GET /api/test-fpl-stub/bootstrap-static [32m200[39m in 14ms[2m (compile: 4ms, proxy.ts: 4ms, render: 6ms)[22m
[2m[WebServer] [22m GET /api/test-fpl-stub/entry/1002/history [32m200[39m in 44ms[2m (compile: 16ms, proxy.ts: 7ms, render: 21ms)[22m
[2m[WebServer] [22m GET /api/test-fpl-stub/entry/1003/history [32m200[39m in 44ms[2m (compile: 16ms, proxy.ts: 7ms, render: 21ms)[22m
[2m[WebServer] [22m GET /api/test-fpl-stub/entry/1004/history [32m200[39m in 44ms[2m (compile: 16ms, proxy.ts: 7ms, render: 21ms)[22m
[2m[WebServer] [22m GET /api/test-fpl-stub/entry/1005/history [32m200[39m in 44ms[2m (compile: 16ms, proxy.ts: 7ms, render: 21ms)[22m
[2m[WebServer] [22m GET /api/test-fpl-stub/entry/1006/history [32m200[39m in 35ms[2m (compile: 11ms, proxy.ts: 7ms, render: 17ms)[22m
[2m[WebServer] [22m GET /api/test-fpl-stub/entry/1007/history [32m200[39m in 35ms[2m (compile: 11ms, proxy.ts: 7ms, render: 17ms)[22m
[2m[WebServer] [22m GET /api/test-fpl-stub/entry/1008/history [32m200[39m in 35ms[2m (compile: 11ms, proxy.ts: 7ms, render: 17ms)[22m
[2m[WebServer] [22m GET /api/test-fpl-stub/entry/1009/history [32m200[39m in 35ms[2m (compile: 11ms, proxy.ts: 7ms, render: 17ms)[22m
[2m[WebServer] [22m GET /api/test-fpl-stub/entry/1011/history [32m200[39m in 38ms[2m (compile: 12ms, proxy.ts: 7ms, render: 19ms)[22m
[2m[WebServer] [22m GET /api/test-fpl-stub/entry/1012/history [32m200[39m in 38ms[2m (compile: 12ms, proxy.ts: 7ms, render: 19ms)[22m
[2m[WebServer] [22m GET /api/test-fpl-stub/entry/1013/history [32m200[39m in 38ms[2m (compile: 12ms, proxy.ts: 7ms, render: 19ms)[22m
[2m[WebServer] [22m GET /api/test-fpl-stub/entry/1010/history [32m200[39m in 38ms[2m (compile: 12ms, proxy.ts: 7ms, render: 19ms)[22m
[2m[WebServer] [22m[fpl] fpl-league warm lane=background calls=12/12 rejected=0
[2m[WebServer] [22m GET /api/fpl-league?leagueSlug=t8-4xhot3rw [32m200[39m in 498ms[2m (compile: 1605µs, proxy.ts: 4ms, render: 492ms)[22m
[2m[WebServer] [22m GET /api/test-fpl-stub/bootstrap-static [32m200[39m in 15ms[2m (compile: 4ms, proxy.ts: 5ms, render: 5ms)[22m
[2m[WebServer] [22m GET /api/test-fpl-stub/entry/1002/history [32m200[39m in 36ms[2m (compile: 10ms, proxy.ts: 7ms, render: 18ms)[22m
[2m[WebServer] [22m GET /api/test-fpl-stub/entry/1003/history [32m200[39m in 36ms[2m (compile: 10ms, proxy.ts: 7ms, render: 18ms)[22m
[2m[WebServer] [22m GET /api/test-fpl-stub/entry/1004/history [32m200[39m in 36ms[2m (compile: 10ms, proxy.ts: 7ms, render: 18ms)[22m
[2m[WebServer] [22m GET /api/test-fpl-stub/entry/1005/history [32m200[39m in 36ms[2m (compile: 10ms, proxy.ts: 7ms, render: 18ms)[22m
[2m[WebServer] [22m GET /api/test-fpl-stub/entry/1006/history [32m200[39m in 43ms[2m (compile: 16ms, proxy.ts: 7ms, render: 20ms)[22m
[2m[WebServer] [22m GET /api/test-fpl-stub/entry/1007/history [32m200[39m in 43ms[2m (compile: 16ms, proxy.ts: 7ms, render: 20ms)[22m
[2m[WebServer] [22m GET /api/test-fpl-stub/entry/1008/history [32m200[39m in 43ms[2m (compile: 16ms, proxy.ts: 7ms, render: 20ms)[22m
[2m[WebServer] [22m GET /api/test-fpl-stub/entry/1009/history [32m200[39m in 43ms[2m (compile: 16ms, proxy.ts: 7ms, render: 20ms)[22m
[2m[WebServer] [22m GET /api/test-fpl-stub/entry/1011/history [32m200[39m in 37ms[2m (compile: 11ms, proxy.ts: 10ms, render: 16ms)[22m
[2m[WebServer] [22m GET /api/test-fpl-stub/entry/1012/history [32m200[39m in 37ms[2m (compile: 11ms, proxy.ts: 10ms, render: 16ms)[22m
[2m[WebServer] [22m GET /api/test-fpl-stub/entry/1013/history [32m200[39m in 37ms[2m (compile: 11ms, proxy.ts: 10ms, render: 16ms)[22m
[2m[WebServer] [22m GET /api/test-fpl-stub/entry/1010/history [32m200[39m in 37ms[2m (compile: 11ms, proxy.ts: 10ms, render: 16ms)[22m
[2m[WebServer] [22m[fpl] fpl-league warm lane=background calls=12/12 rejected=0
[2m[WebServer] [22m GET /api/fpl-league?leagueSlug=t8-4xhot3rw [32m200[39m in 506ms[2m (compile: 1523µs, proxy.ts: 4ms, render: 501ms)[22m
[2m[WebServer] [22m GET /api/test-fpl-stub/bootstrap-static [32m200[39m in 14ms[2m (compile: 3ms, proxy.ts: 5ms, render: 5ms)[22m
[2m[WebServer] [22m GET /api/test-fpl-stub/entry/1002/history [32m200[39m in 39ms[2m (compile: 10ms, proxy.ts: 9ms, render: 20ms)[22m
[2m[WebServer] [22m GET /api/test-fpl-stub/entry/1003/history [32m200[39m in 39ms[2m (compile: 10ms, proxy.ts: 9ms, render: 20ms)[22m
[2m[WebServer] [22m GET /api/test-fpl-stub/entry/1004/history [32m200[39m in 39ms[2m (compile: 10ms, proxy.ts: 9ms, render: 20ms)[22m
[2m[WebServer] [22m GET /api/test-fpl-stub/entry/1005/history [32m200[39m in 39ms[2m (compile: 10ms, proxy.ts: 9ms, render: 20ms)[22m
[2m[WebServer] [22m GET /api/test-fpl-stub/entry/1006/history [32m200[39m in 37ms[2m (compile: 10ms, proxy.ts: 9ms, render: 19ms)[22m
[2m[WebServer] [22m GET /api/test-fpl-stub/entry/1007/history [32m200[39m in 37ms[2m (compile: 10ms, proxy.ts: 9ms, render: 19ms)[22m
[2m[WebServer] [22m GET /api/test-fpl-stub/entry/1008/history [32m200[39m in 37ms[2m (compile: 10ms, proxy.ts: 9ms, render: 19ms)[22m
[2m[WebServer] [22m GET /api/test-fpl-stub/entry/1009/history [32m200[39m in 37ms[2m (compile: 10ms, proxy.ts: 9ms, render: 19ms)[22m
[2m[WebServer] [22m GET /api/test-fpl-stub/entry/1010/history [32m200[39m in 44ms[2m (compile: 17ms, proxy.ts: 7ms, render: 20ms)[22m
[2m[WebServer] [22m GET /api/test-fpl-stub/entry/1011/history [32m200[39m in 44ms[2m (compile: 17ms, proxy.ts: 7ms, render: 20ms)[22m
[2m[WebServer] [22m GET /api/test-fpl-stub/entry/1012/history [32m200[39m in 44ms[2m (compile: 17ms, proxy.ts: 7ms, render: 20ms)[22m
[2m[WebServer] [22m GET /api/test-fpl-stub/entry/1013/history [32m200[39m in 45ms[2m (compile: 17ms, proxy.ts: 7ms, render: 20ms)[22m
[2m[WebServer] [22m[fpl] fpl-league warm lane=background calls=12/12 rejected=0
[2m[WebServer] [22m GET /api/fpl-league?leagueSlug=t8-4xhot3rw [32m200[39m in 491ms[2m (compile: 1801µs, proxy.ts: 4ms, render: 486ms)[22m
[2m[WebServer] [22m GET /api/test-fpl-stub/bootstrap-static [32m200[39m in 16ms[2m (compile: 5ms, proxy.ts: 5ms, render: 6ms)[22m
[2m[WebServer] [22m GET /api/test-fpl-stub/entry/1002/history [32m200[39m in 36ms[2m (compile: 11ms, proxy.ts: 7ms, render: 17ms)[22m
[2m[WebServer] [22m GET /api/test-fpl-stub/entry/1003/history [32m200[39m in 36ms[2m (compile: 11ms, proxy.ts: 7ms, render: 17ms)[22m
[2m[WebServer] [22m GET /api/test-fpl-stub/entry/1004/history [32m200[39m in 36ms[2m (compile: 11ms, proxy.ts: 7ms, render: 17ms)[22m
[2m[WebServer] [22m GET /api/test-fpl-stub/entry/1005/history [32m200[39m in 36ms[2m (compile: 11ms, proxy.ts: 7ms, render: 17ms)[22m
[2m[WebServer] [22m GET /api/test-fpl-stub/entry/1006/history [32m200[39m in 44ms[2m (compile: 14ms, proxy.ts: 12ms, render: 18ms)[22m
[2m[WebServer] [22m GET /api/test-fpl-stub/entry/1007/history [32m200[39m in 44ms[2m (compile: 14ms, proxy.ts: 12ms, render: 18ms)[22m
[2m[WebServer] [22m GET /api/test-fpl-stub/entry/1008/history [32m200[39m in 44ms[2m (compile: 14ms, proxy.ts: 12ms, render: 18ms)[22m
[2m[WebServer] [22m GET /api/test-fpl-stub/entry/1009/history [32m200[39m in 44ms[2m (compile: 14ms, proxy.ts: 12ms, render: 18ms)[22m
[2m[WebServer] [22m GET /api/test-fpl-stub/entry/1010/history [32m200[39m in 52ms[2m (compile: 21ms, proxy.ts: 12ms, render: 19ms)[22m
[2m[WebServer] [22m GET /api/test-fpl-stub/entry/1011/history [32m200[39m in 52ms[2m (compile: 21ms, proxy.ts: 13ms, render: 18ms)[22m
[2m[WebServer] [22m GET /api/test-fpl-stub/entry/1012/history [32m200[39m in 52ms[2m (compile: 21ms, proxy.ts: 13ms, render: 18ms)[22m
[2m[WebServer] [22m GET /api/test-fpl-stub/entry/1013/history [32m200[39m in 52ms[2m (compile: 21ms, proxy.ts: 13ms, render: 18ms)[22m
[2m[WebServer] [22m[fpl] fpl-league warm lane=background calls=12/12 rejected=0
[2m[WebServer] [22m GET /api/fpl-league?leagueSlug=t8-4xhot3rw [32m200[39m in 507ms[2m (compile: 1912µs, proxy.ts: 4ms, render: 500ms)[22m
[2m[WebServer] [22m GET /api/test-fpl-stub/bootstrap-static [32m200[39m in 22ms[2m (compile: 11ms, proxy.ts: 4ms, render: 7ms)[22m
[2m[WebServer] [22m GET /api/test-fpl-stub/entry/1002/history [32m200[39m in 40ms[2m (compile: 11ms, proxy.ts: 9ms, render: 21ms)[22m
[2m[WebServer] [22m GET /api/test-fpl-stub/entry/1003/history [32m200[39m in 40ms[2m (compile: 11ms, proxy.ts: 9ms, render: 21ms)[22m
[2m[WebServer] [22m GET /api/test-fpl-stub/entry/1004/history [32m200[39m in 40ms[2m (compile: 11ms, proxy.ts: 9ms, render: 20ms)[22m
[2m[WebServer] [22m GET /api/test-fpl-stub/entry/1005/history [32m200[39m in 40ms[2m (compile: 11ms, proxy.ts: 9ms, render: 20ms)[22m
[2m[WebServer] [22m GET /api/test-fpl-stub/entry/1006/history [32m200[39m in 38ms[2m (compile: 12ms, proxy.ts: 8ms, render: 18ms)[22m
[2m[WebServer] [22m GET /api/test-fpl-stub/entry/1007/history [32m200[39m in 38ms[2m (compile: 12ms, proxy.ts: 8ms, render: 18ms)[22m
[2m[WebServer] [22m GET /api/test-fpl-stub/entry/1008/history [32m200[39m in 38ms[2m (compile: 12ms, proxy.ts: 8ms, render: 18ms)[22m
[2m[WebServer] [22m GET /api/test-fpl-stub/entry/1009/history [32m200[39m in 38ms[2m (compile: 13ms, proxy.ts: 8ms, render: 18ms)[22m
[2m[WebServer] [22m GET /api/test-fpl-stub/entry/1011/history [32m200[39m in 37ms[2m (compile: 11ms, proxy.ts: 7ms, render: 19ms)[22m
[2m[WebServer] [22m GET /api/test-fpl-stub/entry/1012/history [32m200[39m in 37ms[2m (compile: 11ms, proxy.ts: 7ms, render: 19ms)[22m
[2m[WebServer] [22m GET /api/test-fpl-stub/entry/1013/history [32m200[39m in 37ms[2m (compile: 11ms, proxy.ts: 7ms, render: 19ms)[22m
[2m[WebServer] [22m GET /api/test-fpl-stub/entry/1010/history [32m200[39m in 37ms[2m (compile: 11ms, proxy.ts: 7ms, render: 19ms)[22m
[2m[WebServer] [22m[fpl] fpl-league warm lane=background calls=12/12 rejected=0
[2m[WebServer] [22m GET /api/fpl-league?leagueSlug=t8-4xhot3rw [32m200[39m in 466ms[2m (compile: 2ms, proxy.ts: 5ms, render: 459ms)[22m
[2m[WebServer] [22m GET /api/test-fpl-stub/bootstrap-static [32m200[39m in 16ms[2m (compile: 5ms, proxy.ts: 5ms, render: 7ms)[22m
[2m[WebServer] [22m GET /api/test-fpl-stub/entry/1002/history [32m200[39m in 51ms[2m (compile: 23ms, proxy.ts: 7ms, render: 21ms)[22m
[2m[WebServer] [22m GET /api/test-fpl-stub/entry/1003/history [32m200[39m in 51ms[2m (compile: 23ms, proxy.ts: 7ms, render: 21ms)[22m
[2m[WebServer] [22m GET /api/test-fpl-stub/entry/1004/history [32m200[39m in 51ms[2m (compile: 23ms, proxy.ts: 7ms, render: 21ms)[22m
[2m[WebServer] [22m GET /api/test-fpl-stub/entry/1005/history [32m200[39m in 51ms[2m (compile: 23ms, proxy.ts: 7ms, render: 21ms)[22m
[2m[WebServer] [22m GET /api/test-fpl-stub/entry/1006/history [32m200[39m in 48ms[2m (compile: 13ms, proxy.ts: 11ms, render: 24ms)[22m
[2m[WebServer] [22m GET /api/test-fpl-stub/entry/1007/history [32m200[39m in 48ms[2m (compile: 13ms, proxy.ts: 11ms, render: 24ms)[22m
[2m[WebServer] [22m GET /api/test-fpl-stub/entry/1008/history [32m200[39m in 48ms[2m (compile: 13ms, proxy.ts: 11ms, render: 24ms)[22m
[2m[WebServer] [22m GET /api/test-fpl-stub/entry/1009/history [32m200[39m in 48ms[2m (compile: 13ms, proxy.ts: 11ms, render: 24ms)[22m
[2m[WebServer] [22m GET /api/test-fpl-stub/entry/1010/history [32m200[39m in 37ms[2m (compile: 12ms, proxy.ts: 8ms, render: 18ms)[22m
[2m[WebServer] [22m GET /api/test-fpl-stub/entry/1011/history [32m200[39m in 37ms[2m (compile: 12ms, proxy.ts: 8ms, render: 18ms)[22m
[2m[WebServer] [22m GET /api/test-fpl-stub/entry/1012/history [32m200[39m in 37ms[2m (compile: 12ms, proxy.ts: 8ms, render: 18ms)[22m
[2m[WebServer] [22m GET /api/test-fpl-stub/entry/1013/history [32m200[39m in 37ms[2m (compile: 12ms, proxy.ts: 8ms, render: 18ms)[22m
[2m[WebServer] [22m[fpl] fpl-league warm lane=background calls=12/12 rejected=0
[2m[WebServer] [22m GET /api/fpl-league?leagueSlug=t8-4xhot3rw [32m200[39m in 497ms[2m (compile: 1399µs, proxy.ts: 4ms, render: 492ms)[22m
[2m[WebServer] [22m GET /api/test-fpl-stub/bootstrap-static [32m200[39m in 14ms[2m (compile: 4ms, proxy.ts: 5ms, render: 5ms)[22m
[2m[WebServer] [22m GET /api/test-fpl-stub/entry/1002/history [32m200[39m in 37ms[2m (compile: 11ms, proxy.ts: 7ms, render: 19ms)[22m
[2m[WebServer] [22m GET /api/test-fpl-stub/entry/1003/history [32m200[39m in 37ms[2m (compile: 11ms, proxy.ts: 7ms, render: 19ms)[22m
[2m[WebServer] [22m GET /api/test-fpl-stub/entry/1004/history [32m200[39m in 37ms[2m (compile: 11ms, proxy.ts: 7ms, render: 19ms)[22m
[2m[WebServer] [22m GET /api/test-fpl-stub/entry/1005/history [32m200[39m in 37ms[2m (compile: 11ms, proxy.ts: 7ms, render: 19ms)[22m
[2m[WebServer] [22m GET /api/test-fpl-stub/entry/1006/history [32m200[39m in 48ms[2m (compile: 17ms, proxy.ts: 9ms, render: 22ms)[22m
[2m[WebServer] [22m GET /api/test-fpl-stub/entry/1007/history [32m200[39m in 48ms[2m (compile: 17ms, proxy.ts: 9ms, render: 22ms)[22m
[2m[WebServer] [22m GET /api/test-fpl-stub/entry/1008/history [32m200[39m in 48ms[2m (compile: 17ms, proxy.ts: 9ms, render: 22ms)[22m
[2m[WebServer] [22m GET /api/test-fpl-stub/entry/1009/history [32m200[39m in 48ms[2m (compile: 17ms, proxy.ts: 9ms, render: 22ms)[22m
[2m[WebServer] [22m GET /api/test-fpl-stub/entry/1010/history [32m200[39m in 40ms[2m (compile: 11ms, proxy.ts: 8ms, render: 21ms)[22m
[2m[WebServer] [22m GET /api/test-fpl-stub/entry/1011/history [32m200[39m in 40ms[2m (compile: 11ms, proxy.ts: 8ms, render: 21ms)[22m
[2m[WebServer] [22m GET /api/test-fpl-stub/entry/1012/history [32m200[39m in 40ms[2m (compile: 11ms, proxy.ts: 8ms, render: 21ms)[22m
[2m[WebServer] [22m GET /api/test-fpl-stub/entry/1013/history [32m200[39m in 40ms[2m (compile: 11ms, proxy.ts: 8ms, render: 21ms)[22m
[2m[WebServer] [22m[fpl] fpl-league warm lane=background calls=12/12 rejected=0
[2m[WebServer] [22m GET /api/fpl-league?leagueSlug=t8-4xhot3rw [32m200[39m in 501ms[2m (compile: 1538µs, proxy.ts: 4ms, render: 496ms)[22m
[2m[WebServer] [22m GET /api/test-fpl-stub/bootstrap-static [32m200[39m in 14ms[2m (compile: 5ms, proxy.ts: 4ms, render: 6ms)[22m
[2m[WebServer] [22m GET /api/test-fpl-stub/entry/1002/history [32m200[39m in 37ms[2m (compile: 11ms, proxy.ts: 8ms, render: 18ms)[22m
[2m[WebServer] [22m GET /api/test-fpl-stub/entry/1003/history [32m200[39m in 37ms[2m (compile: 11ms, proxy.ts: 8ms, render: 18ms)[22m
[2m[WebServer] [22m GET /api/test-fpl-stub/entry/1004/history [32m200[39m in 37ms[2m (compile: 11ms, proxy.ts: 8ms, render: 18ms)[22m
[2m[WebServer] [22m GET /api/test-fpl-stub/entry/1005/history [32m200[39m in 37ms[2m (compile: 11ms, proxy.ts: 8ms, render: 18ms)[22m
[2m[WebServer] [22m GET /api/test-fpl-stub/entry/1006/history [32m200[39m in 41ms[2m (compile: 13ms, proxy.ts: 9ms, render: 20ms)[22m
[2m[WebServer] [22m GET /api/test-fpl-stub/entry/1007/history [32m200[39m in 41ms[2m (compile: 13ms, proxy.ts: 9ms, render: 20ms)[22m
[2m[WebServer] [22m GET /api/test-fpl-stub/entry/1008/history [32m200[39m in 41ms[2m (compile: 13ms, proxy.ts: 9ms, render: 19ms)[22m
[2m[WebServer] [22m GET /api/test-fpl-stub/entry/1009/history [32m200[39m in 41ms[2m (compile: 13ms, proxy.ts: 9ms, render: 19ms)[22m
[2m[WebServer] [22m GET /api/test-fpl-stub/entry/1010/history [32m200[39m in 46ms[2m (compile: 18ms, proxy.ts: 7ms, render: 21ms)[22m
[2m[WebServer] [22m GET /api/test-fpl-stub/entry/1011/history [32m200[39m in 46ms[2m (compile: 18ms, proxy.ts: 7ms, render: 21ms)[22m
[2m[WebServer] [22m GET /api/test-fpl-stub/entry/1012/history [32m200[39m in 46ms[2m (compile: 18ms, proxy.ts: 7ms, render: 21ms)[22m
[2m[WebServer] [22m GET /api/test-fpl-stub/entry/1013/history [32m200[39m in 46ms[2m (compile: 18ms, proxy.ts: 7ms, render: 21ms)[22m
[2m[WebServer] [22m[fpl] fpl-league warm lane=background calls=12/12 rejected=0
[2m[WebServer] [22m GET /api/fpl-league?leagueSlug=t8-4xhot3rw [32m200[39m in 498ms[2m (compile: 1754µs, proxy.ts: 4ms, render: 492ms)[22m
  ok 26 [chromium] › tests\league-types\fpl-league.spec.ts:66:7 › FPL League (TVT) › lists every manager in the league, two per team (6.0s)
[2m[WebServer] [22m GET /api/test-fpl-stub/bootstrap-static [32m200[39m in 15ms[2m (compile: 4ms, proxy.ts: 6ms, render: 6ms)[22m
[2m[WebServer] [22m GET /api/test-fpl-stub/entry/1002/history [32m200[39m in 41ms[2m (compile: 10ms, proxy.ts: 9ms, render: 22ms)[22m
[2m[WebServer] [22m GET /api/test-fpl-stub/entry/1003/history [32m200[39m in 41ms[2m (compile: 10ms, proxy.ts: 9ms, render: 22ms)[22m
[2m[WebServer] [22m GET /api/test-fpl-stub/entry/1004/history [32m200[39m in 41ms[2m (compile: 10ms, proxy.ts: 9ms, render: 22ms)[22m
[2m[WebServer] [22m GET /api/test-fpl-stub/entry/1005/history [32m200[39m in 41ms[2m (compile: 10ms, proxy.ts: 9ms, render: 22ms)[22m
[2m[WebServer] [22m GET /api/test-fpl-stub/entry/1006/history [32m200[39m in 37ms[2m (compile: 11ms, proxy.ts: 8ms, render: 18ms)[22m
[2m[WebServer] [22m GET /api/test-fpl-stub/entry/1007/history [32m200[39m in 37ms[2m (compile: 11ms, proxy.ts: 9ms, render: 18ms)[22m
[2m[WebServer] [22m GET /api/test-fpl-stub/entry/1008/history [32m200[39m in 37ms[2m (compile: 11ms, proxy.ts: 9ms, render: 18ms)[22m
[2m[WebServer] [22m GET /api/test-fpl-stub/entry/1009/history [32m200[39m in 37ms[2m (compile: 11ms, proxy.ts: 9ms, render: 18ms)[22m
[2m[WebServer] [22m GET /api/test-fpl-stub/entry/1010/history [32m200[39m in 39ms[2m (compile: 10ms, proxy.ts: 9ms, render: 20ms)[22m
[2m[WebServer] [22m GET /api/test-fpl-stub/entry/1011/history [32m200[39m in 39ms[2m (compile: 10ms, proxy.ts: 9ms, render: 20ms)[22m
[2m[WebServer] [22m GET /api/test-fpl-stub/entry/1012/history [32m200[39m in 39ms[2m (compile: 10ms, proxy.ts: 9ms, render: 20ms)[22m
[2m[WebServer] [22m GET /api/test-fpl-stub/entry/1013/history [32m200[39m in 39ms[2m (compile: 10ms, proxy.ts: 9ms, render: 20ms)[22m
[2m[WebServer] [22m[fpl] fpl-league warm lane=background calls=12/12 rejected=0
[2m[WebServer] [22m GET /api/fpl-league?leagueSlug=t8-4xhot3rw [32m200[39m in 482ms[2m (compile: 1452µs, proxy.ts: 4ms, render: 477ms)[22m
[2m[WebServer] [22m GET /api/test-fpl-stub/bootstrap-static [32m200[39m in 28ms[2m (compile: 15ms, proxy.ts: 4ms, render: 8ms)[22m
[2m[WebServer] [22m GET /api/test-fpl-stub/entry/1002/history [32m200[39m in 40ms[2m (compile: 11ms, proxy.ts: 8ms, render: 21ms)[22m
[2m[WebServer] [22m GET /api/test-fpl-stub/entry/1003/history [32m200[39m in 40ms[2m (compile: 11ms, proxy.ts: 8ms, render: 21ms)[22m
[2m[WebServer] [22m GET /api/test-fpl-stub/entry/1004/history [32m200[39m in 40ms[2m (compile: 11ms, proxy.ts: 8ms, render: 21ms)[22m
[2m[WebServer] [22m GET /api/test-fpl-stub/entry/1005/history [32m200[39m in 40ms[2m (compile: 11ms, proxy.ts: 8ms, render: 20ms)[22m
[2m[WebServer] [22m GET /api/test-fpl-stub/entry/1006/history [32m200[39m in 36ms[2m (compile: 10ms, proxy.ts: 8ms, render: 17ms)[22m
[2m[WebServer] [22m GET /api/test-fpl-stub/entry/1007/history [32m200[39m in 36ms[2m (compile: 10ms, proxy.ts: 8ms, render: 17ms)[22m
[2m[WebServer] [22m GET /api/test-fpl-stub/entry/1008/history [32m200[39m in 36ms[2m (compile: 11ms, proxy.ts: 8ms, render: 17ms)[22m
[2m[WebServer] [22m GET /api/test-fpl-stub/entry/1009/history [32m200[39m in 36ms[2m (compile: 11ms, proxy.ts: 8ms, render: 17ms)[22m
[2m[WebServer] [22m GET /api/test-fpl-stub/entry/1011/history [32m200[39m in 37ms[2m (compile: 11ms, proxy.ts: 7ms, render: 18ms)[22m
[2m[WebServer] [22m GET /api/test-fpl-stub/entry/1012/history [32m200[39m in 37ms[2m (compile: 11ms, proxy.ts: 7ms, render: 18ms)[22m
[2m[WebServer] [22m GET /api/test-fpl-stub/entry/1013/history [32m200[39m in 37ms[2m (compile: 11ms, proxy.ts: 8ms, render: 18ms)[22m
[2m[WebServer] [22m GET /api/test-fpl-stub/entry/1010/history [32m200[39m in 37ms[2m (compile: 11ms, proxy.ts: 8ms, render: 18ms)[22m
[2m[WebServer] [22m[fpl] fpl-league warm lane=background calls=12/12 rejected=0
[2m[WebServer] [22m GET /api/fpl-league?leagueSlug=t8-4xhot3rw [32m200[39m in 492ms[2m (compile: 1744µs, proxy.ts: 3ms, render: 487ms)[22m
[2m[WebServer] [22m GET /api/test-fpl-stub/bootstrap-static [32m200[39m in 13ms[2m (compile: 3ms, proxy.ts: 4ms, render: 6ms)[22m
[2m[WebServer] [22m GET /api/test-fpl-stub/entry/1002/history [32m200[39m in 76ms[2m (compile: 29ms, proxy.ts: 13ms, render: 34ms)[22m
[2m[WebServer] [22m GET /api/test-fpl-stub/entry/1003/history [32m200[39m in 77ms[2m (compile: 29ms, proxy.ts: 13ms, render: 34ms)[22m
[2m[WebServer] [22m GET /api/test-fpl-stub/entry/1004/history [32m200[39m in 76ms[2m (compile: 29ms, proxy.ts: 13ms, render: 34ms)[22m
[2m[WebServer] [22m GET /api/test-fpl-stub/entry/1005/history [32m200[39m in 77ms[2m (compile: 30ms, proxy.ts: 13ms, render: 34ms)[22m
[2m[WebServer] [22m GET /api/test-fpl-stub/entry/1006/history [32m200[39m in 94ms[2m (compile: 22ms, proxy.ts: 25ms, render: 48ms)[22m
[2m[WebServer] [22m GET /api/test-fpl-stub/entry/1007/history [32m200[39m in 94ms[2m (compile: 22ms, proxy.ts: 25ms, render: 48ms)[22m
[2m[WebServer] [22m GET /api/test-fpl-stub/entry/1008/history [32m200[39m in 94ms[2m (compile: 22ms, proxy.ts: 25ms, render: 48ms)[22m
[2m[WebServer] [22m GET /api/test-fpl-stub/entry/1009/history [32m200[39m in 94ms[2m (compile: 22ms, proxy.ts: 25ms, render: 48ms)[22m
[2m[WebServer] [22m GET /api/test-fpl-stub/entry/1010/history [32m200[39m in 23ms[2m (compile: 5ms, proxy.ts: 9ms, render: 9ms)[22m
[2m[WebServer] [22m GET /api/test-fpl-stub/entry/1011/history [32m200[39m in 43ms[2m (compile: 11ms, proxy.ts: 13ms, render: 19ms)[22m
[2m[WebServer] [22m GET /api/test-fpl-stub/entry/1012/history [32m200[39m in 43ms[2m (compile: 11ms, proxy.ts: 13ms, render: 19ms)[22m
[2m[WebServer] [22m GET /api/test-fpl-stub/entry/1013/history [32m200[39m in 43ms[2m (compile: 11ms, proxy.ts: 13ms, render: 19ms)[22m
[2m[WebServer] [22m[fpl] fpl-league warm lane=background calls=12/12 rejected=0
[2m[WebServer] [22m GET /api/fpl-league?leagueSlug=t8-4xhot3rw [32m200[39m in 651ms[2m (compile: 1982µs, proxy.ts: 4ms, render: 645ms)[22m
[2m[WebServer] [22m GET /api/test-fpl-stub/bootstrap-static [32m200[39m in 19ms[2m (compile: 5ms, proxy.ts: 5ms, render: 8ms)[22m
[2m[WebServer] [22m GET /api/test-fpl-stub/entry/1002/history [32m200[39m in 46ms[2m (compile: 14ms, proxy.ts: 10ms, render: 22ms)[22m
[2m[WebServer] [22m GET /api/test-fpl-stub/entry/1003/history [32m200[39m in 46ms[2m (compile: 14ms, proxy.ts: 10ms, render: 22ms)[22m
[2m[WebServer] [22m GET /api/test-fpl-stub/entry/1004/history [32m200[39m in 46ms[2m (compile: 14ms, proxy.ts: 10ms, render: 22ms)[22m
[2m[WebServer] [22m GET /api/test-fpl-stub/entry/1005/history [32m200[39m in 46ms[2m (compile: 14ms, proxy.ts: 10ms, render: 22ms)[22m
[2m[WebServer] [22m GET /api/test-fpl-stub/entry/1006/history [32m200[39m in 68ms[2m (compile: 27ms, proxy.ts: 14ms, render: 27ms)[22m
[2m[WebServer] [22m GET /api/test-fpl-stub/entry/1007/history [32m200[39m in 68ms[2m (compile: 27ms, proxy.ts: 14ms, render: 27ms)[22m
[2m[WebServer] [22m GET /api/test-fpl-stub/entry/1008/history [32m200[39m in 68ms[2m (compile: 27ms, proxy.ts: 14ms, render: 27ms)[22m
[2m[WebServer] [22m GET /api/test-fpl-stub/entry/1009/history [32m200[39m in 68ms[2m (compile: 27ms, proxy.ts: 14ms, render: 27ms)[22m
[2m[WebServer] [22m GET /api/test-fpl-stub/entry/1012/history [32m200[39m in 44ms[2m (compile: 12ms, proxy.ts: 9ms, render: 23ms)[22m
[2m[WebServer] [22m GET /api/test-fpl-stub/entry/1013/history [32m200[39m in 44ms[2m (compile: 12ms, proxy.ts: 9ms, render: 23ms)[22m
[2m[WebServer] [22m GET /api/test-fpl-stub/entry/1010/history [32m200[39m in 44ms[2m (compile: 12ms, proxy.ts: 9ms, render: 23ms)[22m
[2m[WebServer] [22m GET /api/test-fpl-stub/entry/1011/history [32m200[39m in 45ms[2m (compile: 12ms, proxy.ts: 9ms, render: 23ms)[22m
[2m[WebServer] [22m[fpl] fpl-league warm lane=background calls=12/12 rejected=0
[2m[WebServer] [22m GET /api/fpl-league?leagueSlug=t8-4xhot3rw [32m200[39m in 494ms[2m (compile: 3ms, proxy.ts: 6ms, render: 485ms)[22m
[2m[WebServer] [22m GET /api/test-fpl-stub/bootstrap-static [32m200[39m in 18ms[2m (compile: 4ms, proxy.ts: 5ms, render: 8ms)[22m
[2m[WebServer] [22m GET /api/test-fpl-stub/entry/1004/history [32m200[39m in 55ms[2m (compile: 14ms, proxy.ts: 20ms, render: 22ms)[22m
[2m[WebServer] [22m GET /api/test-fpl-stub/entry/1005/history [32m200[39m in 55ms[2m (compile: 14ms, proxy.ts: 20ms, render: 22ms)[22m
[2m[WebServer] [22m GET /api/test-fpl-stub/entry/1002/history [32m200[39m in 55ms[2m (compile: 14ms, proxy.ts: 20ms, render: 22ms)[22m
[2m[WebServer] [22m GET /api/test-fpl-stub/entry/1003/history [32m200[39m in 55ms[2m (compile: 14ms, proxy.ts: 20ms, render: 22ms)[22m
[2m[WebServer] [22m GET /api/test-fpl-stub/entry/1008/history [32m200[39m in 54ms[2m (compile: 13ms, proxy.ts: 8ms, render: 33ms)[22m
[2m[WebServer] [22m GET /api/test-fpl-stub/entry/1009/history [32m200[39m in 54ms[2m (compile: 13ms, proxy.ts: 8ms, render: 33ms)[22m
[2m[WebServer] [22m GET /api/test-fpl-stub/entry/1006/history [32m200[39m in 54ms[2m (compile: 13ms, proxy.ts: 8ms, render: 33ms)[22m
[2m[WebServer] [22m GET /api/test-fpl-stub/entry/1007/history [32m200[39m in 54ms[2m (compile: 13ms, proxy.ts: 8ms, render: 33ms)[22m
[2m[WebServer] [22m GET /api/test-fpl-stub/entry/1010/history [32m200[39m in 83ms[2m (compile: 40ms, proxy.ts: 15ms, render: 28ms)[22m
[2m[WebServer] [22m GET /api/test-fpl-stub/entry/1011/history [32m200[39m in 83ms[2m (compile: 40ms, proxy.ts: 15ms, render: 28ms)[22m
[2m[WebServer] [22m GET /api/test-fpl-stub/entry/1012/history [32m200[39m in 83ms[2m (compile: 40ms, proxy.ts: 15ms, render: 28ms)[22m
[2m[WebServer] [22m GET /api/test-fpl-stub/entry/1013/history [32m200[39m in 83ms[2m (compile: 40ms, proxy.ts: 15ms, render: 28ms)[22m
[2m[WebServer] [22m[fpl] fpl-league warm lane=background calls=12/12 rejected=0
[2m[WebServer] [22m GET /api/fpl-league?leagueSlug=t8-4xhot3rw [32m200[39m in 554ms[2m (compile: 3ms, proxy.ts: 6ms, render: 546ms)[22m
[2m[WebServer] [22m GET /api/test-fpl-stub/bootstrap-static [32m200[39m in 28ms[2m (compile: 14ms, proxy.ts: 7ms, render: 8ms)[22m
[2m[WebServer] [22m GET /api/test-fpl-stub/entry/1003/history [32m200[39m in 54ms[2m (compile: 18ms, proxy.ts: 9ms, render: 27ms)[22m
[2m[WebServer] [22m GET /api/test-fpl-stub/entry/1002/history [32m200[39m in 54ms[2m (compile: 18ms, proxy.ts: 9ms, render: 27ms)[22m
[2m[WebServer] [22m GET /api/test-fpl-stub/entry/1004/history [32m200[39m in 54ms[2m (compile: 18ms, proxy.ts: 9ms, render: 27ms)[22m
[2m[WebServer] [22m GET /api/test-fpl-stub/entry/1005/history [32m200[39m in 54ms[2m (compile: 18ms, proxy.ts: 9ms, render: 27ms)[22m
[2m[WebServer] [22m GET /api/test-fpl-stub/entry/1008/history [32m200[39m in 53ms[2m (compile: 15ms, proxy.ts: 12ms, render: 26ms)[22m
[2m[WebServer] [22m GET /api/test-fpl-stub/entry/1009/history [32m200[39m in 53ms[2m (compile: 15ms, proxy.ts: 12ms, render: 26ms)[22m
[2m[WebServer] [22m GET /api/test-fpl-stub/entry/1006/history [32m200[39m in 53ms[2m (compile: 15ms, proxy.ts: 12ms, render: 26ms)[22m
[2m[WebServer] [22m GET /api/test-fpl-stub/entry/1007/history [32m200[39m in 53ms[2m (compile: 15ms, proxy.ts: 12ms, render: 26ms)[22m
[2m[WebServer] [22m GET /api/test-fpl-stub/entry/1010/history [32m200[39m in 44ms[2m (compile: 12ms, proxy.ts: 11ms, render: 21ms)[22m
[2m[WebServer] [22m GET /api/test-fpl-stub/entry/1011/history [32m200[39m in 44ms[2m (compile: 12ms, proxy.ts: 11ms, render: 21ms)[22m
[2m[WebServer] [22m GET /api/test-fpl-stub/entry/1012/history [32m200[39m in 44ms[2m (compile: 12ms, proxy.ts: 11ms, render: 21ms)[22m
[2m[WebServer] [22m GET /api/test-fpl-stub/entry/1013/history [32m200[39m in 44ms[2m (compile: 12ms, proxy.ts: 11ms, render: 21ms)[22m
[2m[WebServer] [22m[fpl] fpl-league warm lane=background calls=12/12 rejected=0
[2m[WebServer] [22m GET /api/fpl-league?leagueSlug=t8-4xhot3rw [32m200[39m in 449ms[2m (compile: 3ms, proxy.ts: 6ms, render: 440ms)[22m
[2m[WebServer] [22m GET /api/test-fpl-stub/bootstrap-static [32m200[39m in 17ms[2m (compile: 5ms, proxy.ts: 6ms, render: 7ms)[22m
[2m[WebServer] [22m GET /api/test-fpl-stub/entry/1002/history [32m200[39m in 38ms[2m (compile: 11ms, proxy.ts: 8ms, render: 20ms)[22m
[2m[WebServer] [22m GET /api/test-fpl-stub/entry/1003/history [32m200[39m in 38ms[2m (compile: 11ms, proxy.ts: 8ms, render: 20ms)[22m
[2m[WebServer] [22m GET /api/test-fpl-stub/entry/1004/history [32m200[39m in 38ms[2m (compile: 11ms, proxy.ts: 8ms, render: 20ms)[22m
[2m[WebServer] [22m GET /api/test-fpl-stub/entry/1005/history [32m200[39m in 38ms[2m (compile: 11ms, proxy.ts: 8ms, render: 20ms)[22m
[2m[WebServer] [22m GET /api/test-fpl-stub/entry/1006/history [32m200[39m in 46ms[2m (compile: 19ms, proxy.ts: 7ms, render: 20ms)[22m
[2m[WebServer] [22m GET /api/test-fpl-stub/entry/1007/history [32m200[39m in 46ms[2m (compile: 19ms, proxy.ts: 7ms, render: 20ms)[22m
[2m[WebServer] [22m GET /api/test-fpl-stub/entry/1008/history [32m200[39m in 46ms[2m (compile: 19ms, proxy.ts: 7ms, render: 20ms)[22m
[2m[WebServer] [22m GET /api/test-fpl-stub/entry/1009/history [32m200[39m in 46ms[2m (compile: 19ms, proxy.ts: 7ms, render: 20ms)[22m
[2m[WebServer] [22m GET /api/test-fpl-stub/entry/1010/history [32m200[39m in 38ms[2m (compile: 12ms, proxy.ts: 7ms, render: 19ms)[22m
[2m[WebServer] [22m GET /api/test-fpl-stub/entry/1011/history [32m200[39m in 38ms[2m (compile: 12ms, proxy.ts: 7ms, render: 19ms)[22m
[2m[WebServer] [22m GET /api/test-fpl-stub/entry/1012/history [32m200[39m in 38ms[2m (compile: 12ms, proxy.ts: 7ms, render: 19ms)[22m
[2m[WebServer] [22m GET /api/test-fpl-stub/entry/1013/history [32m200[39m in 39ms[2m (compile: 12ms, proxy.ts: 7ms, render: 19ms)[22m
[2m[WebServer] [22m[fpl] fpl-league warm lane=background calls=12/12 rejected=0
[2m[WebServer] [22m GET /api/fpl-league?leagueSlug=t8-4xhot3rw [32m200[39m in 483ms[2m (compile: 1893µs, proxy.ts: 5ms, render: 476ms)[22m
[2m[WebServer] [22m GET /api/test-fpl-stub/bootstrap-static [32m200[39m in 15ms[2m (compile: 3ms, proxy.ts: 4ms, render: 7ms)[22m
[2m[WebServer] [22m GET /api/test-fpl-stub/entry/1005/history [32m200[39m in 38ms[2m (compile: 10ms, proxy.ts: 8ms, render: 20ms)[22m
[2m[WebServer] [22m GET /api/test-fpl-stub/entry/1002/history [32m200[39m in 38ms[2m (compile: 10ms, proxy.ts: 8ms, render: 20ms)[22m
[2m[WebServer] [22m GET /api/test-fpl-stub/entry/1003/history [32m200[39m in 39ms[2m (compile: 10ms, proxy.ts: 8ms, render: 21ms)[22m
[2m[WebServer] [22m GET /api/test-fpl-stub/entry/1004/history [32m200[39m in 39ms[2m (compile: 10ms, proxy.ts: 8ms, render: 21ms)[22m
[2m[WebServer] [22m GET /api/test-fpl-stub/entry/1007/history [32m200[39m in 37ms[2m (compile: 12ms, proxy.ts: 7ms, render: 18ms)[22m
[2m[WebServer] [22m GET /api/test-fpl-stub/entry/1008/history [32m200[39m in 37ms[2m (compile: 12ms, proxy.ts: 7ms, render: 18ms)[22m
[2m[WebServer] [22m GET /api/test-fpl-stub/entry/1006/history [32m200[39m in 37ms[2m (compile: 12ms, proxy.ts: 7ms, render: 18ms)[22m
[2m[WebServer] [22m GET /api/test-fpl-stub/entry/1009/history [32m200[39m in 37ms[2m (compile: 12ms, proxy.ts: 7ms, render: 18ms)[22m
[2m[WebServer] [22m GET /api/test-fpl-stub/entry/1010/history [32m200[39m in 50ms[2m (compile: 19ms, proxy.ts: 7ms, render: 23ms)[22m
[2m[WebServer] [22m GET /api/test-fpl-stub/entry/1011/history [32m200[39m in 50ms[2m (compile: 19ms, proxy.ts: 7ms, render: 23ms)[22m
[2m[WebServer] [22m GET /api/test-fpl-stub/entry/1012/history [32m200[39m in 50ms[2m (compile: 19ms, proxy.ts: 7ms, render: 23ms)[22m
[2m[WebServer] [22m GET /api/test-fpl-stub/entry/1013/history [32m200[39m in 50ms[2m (compile: 19ms, proxy.ts: 7ms, render: 23ms)[22m
[2m[WebServer] [22m[fpl] fpl-league warm lane=background calls=12/12 rejected=0
[2m[WebServer] [22m GET /api/fpl-league?leagueSlug=t8-4xhot3rw [32m200[39m in 510ms[2m (compile: 1759µs, proxy.ts: 4ms, render: 504ms)[22m
[2m[WebServer] [22m GET /api/test-fpl-stub/bootstrap-static [32m200[39m in 20ms[2m (compile: 5ms, proxy.ts: 7ms, render: 9ms)[22m
[2m[WebServer] [22m GET /api/test-fpl-stub/entry/1004/history [32m200[39m in 48ms[2m (compile: 12ms, proxy.ts: 9ms, render: 27ms)[22m
[2m[WebServer] [22m GET /api/test-fpl-stub/entry/1005/history [32m200[39m in 48ms[2m (compile: 12ms, proxy.ts: 9ms, render: 27ms)[22m
[2m[WebServer] [22m GET /api/test-fpl-stub/entry/1002/history [32m200[39m in 48ms[2m (compile: 12ms, proxy.ts: 9ms, render: 27ms)[22m
[2m[WebServer] [22m GET /api/test-fpl-stub/entry/1003/history [32m200[39m in 48ms[2m (compile: 12ms, proxy.ts: 9ms, render: 27ms)[22m
[2m[WebServer] [22m GET /api/test-fpl-stub/entry/1009/history [32m200[39m in 51ms[2m (compile: 15ms, proxy.ts: 10ms, render: 26ms)[22m
[2m[WebServer] [22m GET /api/test-fpl-stub/entry/1006/history [32m200[39m in 51ms[2m (compile: 15ms, proxy.ts: 10ms, render: 26ms)[22m
[2m[WebServer] [22m GET /api/test-fpl-stub/entry/1007/history [32m200[39m in 51ms[2m (compile: 15ms, proxy.ts: 10ms, render: 26ms)[22m
[2m[WebServer] [22m GET /api/test-fpl-stub/entry/1008/history [32m200[39m in 51ms[2m (compile: 15ms, proxy.ts: 10ms, render: 26ms)[22m
[2m[WebServer] [22m GET /api/test-fpl-stub/entry/1010/history [32m200[39m in 50ms[2m (compile: 13ms, proxy.ts: 11ms, render: 26ms)[22m
[2m[WebServer] [22m GET /api/test-fpl-stub/entry/1011/history [32m200[39m in 50ms[2m (compile: 13ms, proxy.ts: 11ms, render: 26ms)[22m
[2m[WebServer] [22m GET /api/test-fpl-stub/entry/1012/history [32m200[39m in 50ms[2m (compile: 13ms, proxy.ts: 11ms, render: 26ms)[22m
[2m[WebServer] [22m GET /api/test-fpl-stub/entry/1013/history [32m200[39m in 50ms[2m (compile: 13ms, proxy.ts: 11ms, render: 26ms)[22m
[2m[WebServer] [22m[fpl] fpl-league warm lane=background calls=12/12 rejected=0
[2m[WebServer] [22m GET /api/fpl-league?leagueSlug=t8-4xhot3rw [32m200[39m in 502ms[2m (compile: 1356µs, proxy.ts: 3ms, render: 497ms)[22m
[2m[WebServer] [22m GET /api/test-fpl-stub/bootstrap-static [32m200[39m in 20ms[2m (compile: 5ms, proxy.ts: 6ms, render: 10ms)[22m
[2m[WebServer] [22m GET /api/test-fpl-stub/entry/1002/history [32m200[39m in 64ms[2m (compile: 26ms, proxy.ts: 11ms, render: 27ms)[22m
[2m[WebServer] [22m GET /api/test-fpl-stub/entry/1003/history [32m200[39m in 64ms[2m (compile: 26ms, proxy.ts: 11ms, render: 27ms)[22m
[2m[WebServer] [22m GET /api/test-fpl-stub/entry/1004/history [32m200[39m in 64ms[2m (compile: 26ms, proxy.ts: 11ms, render: 27ms)[22m
[2m[WebServer] [22m GET /api/test-fpl-stub/entry/1005/history [32m200[39m in 64ms[2m (compile: 26ms, proxy.ts: 11ms, render: 27ms)[22m
[2m[WebServer] [22m GET /api/test-fpl-stub/entry/1006/history [32m200[39m in 34ms[2m (compile: 9ms, proxy.ts: 8ms, render: 17ms)[22m
[2m[WebServer] [22m GET /api/test-fpl-stub/entry/1007/history [32m200[39m in 34ms[2m (compile: 9ms, proxy.ts: 8ms, render: 17ms)[22m
[2m[WebServer] [22m GET /api/test-fpl-stub/entry/1008/history [32m200[39m in 34ms[2m (compile: 9ms, proxy.ts: 8ms, render: 17ms)[22m
[2m[WebServer] [22m GET /api/test-fpl-stub/entry/1009/history [32m200[39m in 34ms[2m (compile: 9ms, proxy.ts: 8ms, render: 17ms)[22m
[2m[WebServer] [22m GET /api/test-fpl-stub/entry/1010/history [32m200[39m in 38ms[2m (compile: 11ms, proxy.ts: 8ms, render: 19ms)[22m
[2m[WebServer] [22m GET /api/test-fpl-stub/entry/1011/history [32m200[39m in 38ms[2m (compile: 11ms, proxy.ts: 8ms, render: 19ms)[22m
[2m[WebServer] [22m GET /api/test-fpl-stub/entry/1012/history [32m200[39m in 38ms[2m (compile: 11ms, proxy.ts: 8ms, render: 19ms)[22m
[2m[WebServer] [22m GET /api/test-fpl-stub/entry/1013/history [32m200[39m in 38ms[2m (compile: 11ms, proxy.ts: 8ms, render: 19ms)[22m
[2m[WebServer] [22m[fpl] fpl-league warm lane=background calls=12/12 rejected=0
[2m[WebServer] [22m GET /api/fpl-league?leagueSlug=t8-4xhot3rw [32m200[39m in 479ms[2m (compile: 3ms, proxy.ts: 6ms, render: 470ms)[22m
[2m[WebServer] [22m GET /api/test-fpl-stub/bootstrap-static [32m200[39m in 14ms[2m (compile: 3ms, proxy.ts: 5ms, render: 6ms)[22m
[2m[WebServer] [22m GET /api/test-fpl-stub/entry/1002/history [32m200[39m in 35ms[2m (compile: 10ms, proxy.ts: 7ms, render: 19ms)[22m
[2m[WebServer] [22m GET /api/test-fpl-stub/entry/1003/history [32m200[39m in 35ms[2m (compile: 10ms, proxy.ts: 7ms, render: 19ms)[22m
[2m[WebServer] [22m GET /api/test-fpl-stub/entry/1004/history [32m200[39m in 35ms[2m (compile: 10ms, proxy.ts: 7ms, render: 19ms)[22m
[2m[WebServer] [22m GET /api/test-fpl-stub/entry/1005/history [32m200[39m in 35ms[2m (compile: 10ms, proxy.ts: 7ms, render: 19ms)[22m
[2m[WebServer] [22m GET /api/test-fpl-stub/entry/1006/history [32m200[39m in 41ms[2m (compile: 17ms, proxy.ts: 6ms, render: 18ms)[22m
[2m[WebServer] [22m GET /api/test-fpl-stub/entry/1007/history [32m200[39m in 41ms[2m (compile: 17ms, proxy.ts: 6ms, render: 18ms)[22m
[2m[WebServer] [22m GET /api/test-fpl-stub/entry/1008/history [32m200[39m in 41ms[2m (compile: 17ms, proxy.ts: 6ms, render: 18ms)[22m
[2m[WebServer] [22m GET /api/test-fpl-stub/entry/1009/history [32m200[39m in 41ms[2m (compile: 17ms, proxy.ts: 6ms, render: 18ms)[22m
[2m[WebServer] [22m GET /api/test-fpl-stub/entry/1010/history [32m200[39m in 42ms[2m (compile: 11ms, proxy.ts: 8ms, render: 23ms)[22m
[2m[WebServer] [22m GET /api/test-fpl-stub/entry/1011/history [32m200[39m in 42ms[2m (compile: 11ms, proxy.ts: 8ms, render: 23ms)[22m
[2m[WebServer] [22m GET /api/test-fpl-stub/entry/1012/history [32m200[39m in 42ms[2m (compile: 11ms, proxy.ts: 8ms, render: 23ms)[22m
[2m[WebServer] [22m GET /api/test-fpl-stub/entry/1013/history [32m200[39m in 42ms[2m (compile: 11ms, proxy.ts: 8ms, render: 23ms)[22m
[2m[WebServer] [22m[fpl] fpl-league warm lane=background calls=12/12 rejected=0
[2m[WebServer] [22m GET /api/fpl-league?leagueSlug=t8-4xhot3rw [32m200[39m in 499ms[2m (compile: 1569µs, proxy.ts: 4ms, render: 494ms)[22m
[2m[WebServer] [22m GET /api/test-fpl-stub/bootstrap-static [32m200[39m in 15ms[2m (compile: 4ms, proxy.ts: 5ms, render: 7ms)[22m
[2m[WebServer] [22m GET /api/test-fpl-stub/entry/1004/history [32m200[39m in 44ms[2m (compile: 15ms, proxy.ts: 9ms, render: 20ms)[22m
[2m[WebServer] [22m GET /api/test-fpl-stub/entry/1005/history [32m200[39m in 44ms[2m (compile: 15ms, proxy.ts: 9ms, render: 20ms)[22m
[2m[WebServer] [22m GET /api/test-fpl-stub/entry/1002/history [32m200[39m in 44ms[2m (compile: 15ms, proxy.ts: 9ms, render: 20ms)[22m
[2m[WebServer] [22m GET /api/test-fpl-stub/entry/1003/history [32m200[39m in 44ms[2m (compile: 15ms, proxy.ts: 9ms, render: 20ms)[22m
[2m[WebServer] [22m GET /api/test-fpl-stub/entry/1006/history [32m200[39m in 38ms[2m (compile: 12ms, proxy.ts: 7ms, render: 20ms)[22m
[2m[WebServer] [22m GET /api/test-fpl-stub/entry/1007/history [32m200[39m in 39ms[2m (compile: 12ms, proxy.ts: 7ms, render: 20ms)[22m
[2m[WebServer] [22m GET /api/test-fpl-stub/entry/1008/history [32m200[39m in 39ms[2m (compile: 12ms, proxy.ts: 7ms, render: 20ms)[22m
[2m[WebServer] [22m GET /api/test-fpl-stub/entry/1009/history [32m200[39m in 39ms[2m (compile: 12ms, proxy.ts: 7ms, render: 20ms)[22m
[2m[WebServer] [22m GET /api/test-fpl-stub/entry/1012/history [32m200[39m in 42ms[2m (compile: 17ms, proxy.ts: 6ms, render: 19ms)[22m
[2m[WebServer] [22m GET /api/test-fpl-stub/entry/1013/history [32m200[39m in 42ms[2m (compile: 17ms, proxy.ts: 6ms, render: 19ms)[22m
[2m[WebServer] [22m GET /api/test-fpl-stub/entry/1010/history [32m200[39m in 42ms[2m (compile: 17ms, proxy.ts: 6ms, render: 19ms)[22m
[2m[WebServer] [22m GET /api/test-fpl-stub/entry/1011/history [32m200[39m in 42ms[2m (compile: 17ms, proxy.ts: 6ms, render: 19ms)[22m
[2m[WebServer] [22m[fpl] fpl-league warm lane=background calls=12/12 rejected=0
[2m[WebServer] [22m GET /api/fpl-league?leagueSlug=t8-4xhot3rw [32m200[39m in 492ms[2m (compile: 1626µs, proxy.ts: 5ms, render: 485ms)[22m
  ok 27 [chromium] › tests\league-types\fpl-league.spec.ts:71:7 › FPL League (TVT) › ranks by FPL season total, descending, with competition ranking (6.2s)
[2m[WebServer] [22m GET /api/test-fpl-stub/bootstrap-static [32m200[39m in 13ms[2m (compile: 3ms, proxy.ts: 4ms, render: 6ms)[22m
[2m[WebServer] [22m GET /api/test-fpl-stub/entry/1005/history [32m200[39m in 39ms[2m (compile: 10ms, proxy.ts: 9ms, render: 20ms)[22m
[2m[WebServer] [22m GET /api/test-fpl-stub/entry/1002/history [32m200[39m in 39ms[2m (compile: 10ms, proxy.ts: 9ms, render: 20ms)[22m
[2m[WebServer] [22m GET /api/test-fpl-stub/entry/1003/history [32m200[39m in 39ms[2m (compile: 10ms, proxy.ts: 9ms, render: 20ms)[22m
[2m[WebServer] [22m GET /api/test-fpl-stub/entry/1004/history [32m200[39m in 39ms[2m (compile: 10ms, proxy.ts: 9ms, render: 20ms)[22m
[2m[WebServer] [22m GET /api/test-fpl-stub/entry/1009/history [32m200[39m in 37ms[2m (compile: 10ms, proxy.ts: 8ms, render: 19ms)[22m
[2m[WebServer] [22m GET /api/test-fpl-stub/entry/1006/history [32m200[39m in 37ms[2m (compile: 10ms, proxy.ts: 8ms, render: 19ms)[22m
[2m[WebServer] [22m GET /api/test-fpl-stub/entry/1007/history [32m200[39m in 37ms[2m (compile: 10ms, proxy.ts: 8ms, render: 19ms)[22m
[2m[WebServer] [22m GET /api/test-fpl-stub/entry/1008/history [32m200[39m in 37ms[2m (compile: 10ms, proxy.ts: 8ms, render: 19ms)[22m
[2m[WebServer] [22m GET /api/test-fpl-stub/entry/1010/history [32m200[39m in 41ms[2m (compile: 12ms, proxy.ts: 7ms, render: 22ms)[22m
[2m[WebServer] [22m GET /api/test-fpl-stub/entry/1011/history [32m200[39m in 41ms[2m (compile: 12ms, proxy.ts: 7ms, render: 22ms)[22m
[2m[WebServer] [22m GET /api/test-fpl-stub/entry/1012/history [32m200[39m in 41ms[2m (compile: 12ms, proxy.ts: 7ms, render: 22ms)[22m
[2m[WebServer] [22m GET /api/test-fpl-stub/entry/1013/history [32m200[39m in 41ms[2m (compile: 12ms, proxy.ts: 7ms, render: 22ms)[22m
[2m[WebServer] [22m[fpl] fpl-league warm lane=background calls=12/12 rejected=0
[2m[WebServer] [22m GET /api/fpl-league?leagueSlug=t8-4xhot3rw [32m200[39m in 469ms[2m (compile: 1516µs, proxy.ts: 4ms, render: 463ms)[22m
[2m[WebServer] [22m GET /api/test-fpl-stub/bootstrap-static [32m200[39m in 22ms[2m (compile: 11ms, proxy.ts: 4ms, render: 8ms)[22m
[2m[WebServer] [22m GET /api/test-fpl-stub/entry/1004/history [32m200[39m in 38ms[2m (compile: 12ms, proxy.ts: 7ms, render: 18ms)[22m
[2m[WebServer] [22m GET /api/test-fpl-stub/entry/1005/history [32m200[39m in 38ms[2m (compile: 12ms, proxy.ts: 7ms, render: 18ms)[22m
[2m[WebServer] [22m GET /api/test-fpl-stub/entry/1002/history [32m200[39m in 38ms[2m (compile: 12ms, proxy.ts: 7ms, render: 18ms)[22m
[2m[WebServer] [22m GET /api/test-fpl-stub/entry/1003/history [32m200[39m in 38ms[2m (compile: 12ms, proxy.ts: 7ms, render: 18ms)[22m
[2m[WebServer] [22m GET /api/test-fpl-stub/entry/1008/history [32m200[39m in 37ms[2m (compile: 10ms, proxy.ts: 9ms, render: 18ms)[22m
[2m[WebServer] [22m GET /api/test-fpl-stub/entry/1009/history [32m200[39m in 37ms[2m (compile: 10ms, proxy.ts: 9ms, render: 18ms)[22m
[2m[WebServer] [22m GET /api/test-fpl-stub/entry/1006/history [32m200[39m in 37ms[2m (compile: 10ms, proxy.ts: 9ms, render: 18ms)[22m
[2m[WebServer] [22m GET /api/test-fpl-stub/entry/1007/history [32m200[39m in 37ms[2m (compile: 10ms, proxy.ts: 9ms, render: 18ms)[22m
[2m[WebServer] [22m GET /api/test-fpl-stub/entry/1012/history [32m200[39m in 35ms[2m (compile: 10ms, proxy.ts: 7ms, render: 18ms)[22m
[2m[WebServer] [22m GET /api/test-fpl-stub/entry/1013/history [32m200[39m in 35ms[2m (compile: 10ms, proxy.ts: 7ms, render: 18ms)[22m
[2m[WebServer] [22m GET /api/test-fpl-stub/entry/1011/history [32m200[39m in 35ms[2m (compile: 10ms, proxy.ts: 7ms, render: 18ms)[22m
[2m[WebServer] [22m GET /api/test-fpl-stub/entry/1010/history [32m200[39m in 35ms[2m (compile: 10ms, proxy.ts: 7ms, render: 18ms)[22m
[2m[WebServer] [22m[fpl] fpl-league warm lane=background calls=12/12 rejected=0
[2m[WebServer] [22m GET /api/fpl-league?leagueSlug=t8-4xhot3rw [32m200[39m in 508ms[2m (compile: 1416µs, proxy.ts: 4ms, render: 503ms)[22m
[2m[WebServer] [22m GET /api/test-fpl-stub/bootstrap-static [32m200[39m in 13ms[2m (compile: 3ms, proxy.ts: 4ms, render: 6ms)[22m
[2m[WebServer] [22m GET /api/test-fpl-stub/entry/1002/history [32m200[39m in 46ms[2m (compile: 19ms, proxy.ts: 9ms, render: 19ms)[22m
[2m[WebServer] [22m GET /api/test-fpl-stub/entry/1003/history [32m200[39m in 46ms[2m (compile: 19ms, proxy.ts: 9ms, render: 19ms)[22m
[2m[WebServer] [22m GET /api/test-fpl-stub/entry/1004/history [32m200[39m in 46ms[2m (compile: 19ms, proxy.ts: 9ms, render: 19ms)[22m
[2m[WebServer] [22m GET /api/test-fpl-stub/entry/1005/history [32m200[39m in 46ms[2m (compile: 19ms, proxy.ts: 9ms, render: 19ms)[22m
[2m[WebServer] [22m GET /api/test-fpl-stub/entry/1008/history [32m200[39m in 38ms[2m (compile: 12ms, proxy.ts: 7ms, render: 19ms)[22m
[2m[WebServer] [22m GET /api/test-fpl-stub/entry/1009/history [32m200[39m in 38ms[2m (compile: 12ms, proxy.ts: 7ms, render: 19ms)[22m
[2m[WebServer] [22m GET /api/test-fpl-stub/entry/1006/history [32m200[39m in 38ms[2m (compile: 12ms, proxy.ts: 7ms, render: 19ms)[22m
[2m[WebServer] [22m GET /api/test-fpl-stub/entry/1007/history [32m200[39m in 38ms[2m (compile: 12ms, proxy.ts: 7ms, render: 19ms)[22m
[2m[WebServer] [22m GET /api/test-fpl-stub/entry/1013/history [32m200[39m in 36ms[2m (compile: 10ms, proxy.ts: 7ms, render: 19ms)[22m
[2m[WebServer] [22m GET /api/test-fpl-stub/entry/1010/history [32m200[39m in 36ms[2m (compile: 10ms, proxy.ts: 7ms, render: 19ms)[22m
[2m[WebServer] [22m GET /api/test-fpl-stub/entry/1011/history [32m200[39m in 36ms[2m (compile: 10ms, proxy.ts: 7ms, render: 19ms)[22m
[2m[WebServer] [22m GET /api/test-fpl-stub/entry/1012/history [32m200[39m in 36ms[2m (compile: 10ms, proxy.ts: 7ms, render: 19ms)[22m
[2m[WebServer] [22m[fpl] fpl-league warm lane=background calls=12/12 rejected=0
[2m[WebServer] [22m GET /api/fpl-league?leagueSlug=t8-4xhot3rw [32m200[39m in 478ms[2m (compile: 1610µs, proxy.ts: 5ms, render: 472ms)[22m
[2m[WebServer] [22m GET /api/test-fpl-stub/bootstrap-static [32m200[39m in 14ms[2m (compile: 4ms, proxy.ts: 4ms, render: 6ms)[22m
[2m[WebServer] [22m GET /api/test-fpl-stub/entry/1002/history [32m200[39m in 36ms[2m (compile: 11ms, proxy.ts: 7ms, render: 18ms)[22m
[2m[WebServer] [22m GET /api/test-fpl-stub/entry/1003/history [32m200[39m in 36ms[2m (compile: 11ms, proxy.ts: 7ms, render: 18ms)[22m
[2m[WebServer] [22m GET /api/test-fpl-stub/entry/1004/history [32m200[39m in 36ms[2m (compile: 11ms, proxy.ts: 7ms, render: 18ms)[22m
[2m[WebServer] [22m GET /api/test-fpl-stub/entry/1005/history [32m200[39m in 36ms[2m (compile: 11ms, proxy.ts: 7ms, render: 18ms)[22m
[2m[WebServer] [22m GET /api/test-fpl-stub/entry/1009/history [32m200[39m in 47ms[2m (compile: 16ms, proxy.ts: 7ms, render: 23ms)[22m
[2m[WebServer] [22m GET /api/test-fpl-stub/entry/1006/history [32m200[39m in 47ms[2m (compile: 16ms, proxy.ts: 7ms, render: 23ms)[22m
[2m[WebServer] [22m GET /api/test-fpl-stub/entry/1007/history [32m200[39m in 47ms[2m (compile: 16ms, proxy.ts: 7ms, render: 23ms)[22m
[2m[WebServer] [22m GET /api/test-fpl-stub/entry/1008/history [32m200[39m in 47ms[2m (compile: 17ms, proxy.ts: 7ms, render: 23ms)[22m
[2m[WebServer] [22m GET /api/test-fpl-stub/entry/1010/history [32m200[39m in 40ms[2m (compile: 13ms, proxy.ts: 7ms, render: 20ms)[22m
[2m[WebServer] [22m GET /api/test-fpl-stub/entry/1011/history [32m200[39m in 40ms[2m (compile: 13ms, proxy.ts: 7ms, render: 20ms)[22m
[2m[WebServer] [22m GET /api/test-fpl-stub/entry/1012/history [32m200[39m in 40ms[2m (compile: 13ms, proxy.ts: 7ms, render: 20ms)[22m
[2m[WebServer] [22m GET /api/test-fpl-stub/entry/1013/history [32m200[39m in 40ms[2m (compile: 13ms, proxy.ts: 7ms, render: 20ms)[22m
[2m[WebServer] [22m[fpl] fpl-league warm lane=background calls=12/12 rejected=0
[2m[WebServer] [22m GET /api/fpl-league?leagueSlug=t8-4xhot3rw [32m200[39m in 502ms[2m (compile: 1498µs, proxy.ts: 4ms, render: 497ms)[22m
[2m[WebServer] [22m GET /api/test-fpl-stub/bootstrap-static [32m200[39m in 14ms[2m (compile: 3ms, proxy.ts: 5ms, render: 6ms)[22m
[2m[WebServer] [22m GET /api/test-fpl-stub/entry/1002/history [32m200[39m in 40ms[2m (compile: 10ms, proxy.ts: 12ms, render: 18ms)[22m
[2m[WebServer] [22m GET /api/test-fpl-stub/entry/1003/history [32m200[39m in 40ms[2m (compile: 10ms, proxy.ts: 12ms, render: 18ms)[22m
[2m[WebServer] [22m GET /api/test-fpl-stub/entry/1004/history [32m200[39m in 40ms[2m (compile: 10ms, proxy.ts: 12ms, render: 18ms)[22m
[2m[WebServer] [22m GET /api/test-fpl-stub/entry/1005/history [32m200[39m in 40ms[2m (compile: 10ms, proxy.ts: 12ms, render: 18ms)[22m
[2m[WebServer] [22m GET /api/test-fpl-stub/entry/1006/history [32m200[39m in 47ms[2m (compile: 14ms, proxy.ts: 11ms, render: 22ms)[22m
[2m[WebServer] [22m GET /api/test-fpl-stub/entry/1007/history [32m200[39m in 47ms[2m (compile: 14ms, proxy.ts: 11ms, render: 22ms)[22m
[2m[WebServer] [22m GET /api/test-fpl-stub/entry/1008/history [32m200[39m in 47ms[2m (compile: 14ms, proxy.ts: 11ms, render: 22ms)[22m
[2m[WebServer] [22m GET /api/test-fpl-stub/entry/1009/history [32m200[39m in 47ms[2m (compile: 14ms, proxy.ts: 11ms, render: 22ms)[22m
[2m[WebServer] [22m GET /api/test-fpl-stub/entry/1011/history [32m200[39m in 56ms[2m (compile: 24ms, proxy.ts: 9ms, render: 23ms)[22m
[2m[WebServer] [22m GET /api/test-fpl-stub/entry/1010/history [32m200[39m in 56ms[2m (compile: 24ms, proxy.ts: 9ms, render: 23ms)[22m
[2m[WebServer] [22m GET /api/test-fpl-stub/entry/1012/history [32m200[39m in 56ms[2m (compile: 24ms, proxy.ts: 9ms, render: 23ms)[22m
[2m[WebServer] [22m GET /api/test-fpl-stub/entry/1013/history [32m200[39m in 56ms[2m (compile: 24ms, proxy.ts: 9ms, render: 23ms)[22m
[2m[WebServer] [22m[fpl] fpl-league warm lane=background calls=12/12 rejected=0
[2m[WebServer] [22m GET /api/fpl-league?leagueSlug=t8-4xhot3rw [32m200[39m in 516ms[2m (compile: 1607µs, proxy.ts: 4ms, render: 510ms)[22m
[2m[WebServer] [22m GET /api/test-fpl-stub/bootstrap-static [32m200[39m in 16ms[2m (compile: 3ms, proxy.ts: 5ms, render: 7ms)[22m
[2m[WebServer] [22m GET /api/test-fpl-stub/entry/1002/history [32m200[39m in 49ms[2m (compile: 15ms, proxy.ts: 11ms, render: 23ms)[22m
[2m[WebServer] [22m GET /api/test-fpl-stub/entry/1003/history [32m200[39m in 49ms[2m (compile: 15ms, proxy.ts: 11ms, render: 23ms)[22m
[2m[WebServer] [22m GET /api/test-fpl-stub/entry/1004/history [32m200[39m in 49ms[2m (compile: 15ms, proxy.ts: 11ms, render: 23ms)[22m
[2m[WebServer] [22m GET /api/test-fpl-stub/entry/1005/history [32m200[39m in 49ms[2m (compile: 15ms, proxy.ts: 11ms, render: 23ms)[22m
[2m[WebServer] [22m GET /api/test-fpl-stub/entry/1006/history [32m200[39m in 36ms[2m (compile: 10ms, proxy.ts: 8ms, render: 18ms)[22m
[2m[WebServer] [22m GET /api/test-fpl-stub/entry/1007/history [32m200[39m in 36ms[2m (compile: 10ms, proxy.ts: 8ms, render: 18ms)[22m
[2m[WebServer] [22m GET /api/test-fpl-stub/entry/1008/history [32m200[39m in 36ms[2m (compile: 10ms, proxy.ts: 8ms, render: 18ms)[22m
[2m[WebServer] [22m GET /api/test-fpl-stub/entry/1009/history [32m200[39m in 36ms[2m (compile: 10ms, proxy.ts: 8ms, render: 18ms)[22m
[2m[WebServer] [22m GET /api/test-fpl-stub/entry/1013/history [32m200[39m in 39ms[2m (compile: 10ms, proxy.ts: 9ms, render: 21ms)[22m
[2m[WebServer] [22m GET /api/test-fpl-stub/entry/1010/history [32m200[39m in 39ms[2m (compile: 10ms, proxy.ts: 9ms, render: 21ms)[22m
[2m[WebServer] [22m GET /api/test-fpl-stub/entry/1011/history [32m200[39m in 39ms[2m (compile: 10ms, proxy.ts: 9ms, render: 21ms)[22m
[2m[WebServer] [22m GET /api/test-fpl-stub/entry/1012/history [32m200[39m in 39ms[2m (compile: 10ms, proxy.ts: 9ms, render: 21ms)[22m
[2m[WebServer] [22m[fpl] fpl-league warm lane=background calls=12/12 rejected=0
[2m[WebServer] [22m GET /api/fpl-league?leagueSlug=t8-4xhot3rw [32m200[39m in 476ms[2m (compile: 1910µs, proxy.ts: 6ms, render: 469ms)[22m
[2m[WebServer] [22m GET /api/test-fpl-stub/bootstrap-static [32m200[39m in 23ms[2m (compile: 11ms, proxy.ts: 5ms, render: 8ms)[22m
[2m[WebServer] [22m GET /api/test-fpl-stub/entry/1003/history [32m200[39m in 45ms[2m (compile: 11ms, proxy.ts: 9ms, render: 25ms)[22m
[2m[WebServer] [22m GET /api/test-fpl-stub/entry/1004/history [32m200[39m in 45ms[2m (compile: 11ms, proxy.ts: 9ms, render: 25ms)[22m
[2m[WebServer] [22m GET /api/test-fpl-stub/entry/1005/history [32m200[39m in 45ms[2m (compile: 11ms, proxy.ts: 9ms, render: 25ms)[22m
[2m[WebServer] [22m GET /api/test-fpl-stub/entry/1002/history [32m200[39m in 45ms[2m (compile: 11ms, proxy.ts: 9ms, render: 25ms)[22m
[2m[WebServer] [22m GET /api/test-fpl-stub/entry/1007/history [32m200[39m in 39ms[2m (compile: 11ms, proxy.ts: 9ms, render: 19ms)[22m
[2m[WebServer] [22m GET /api/test-fpl-stub/entry/1006/history [32m200[39m in 39ms[2m (compile: 11ms, proxy.ts: 9ms, render: 19ms)[22m
[2m[WebServer] [22m GET /api/test-fpl-stub/entry/1008/history [32m200[39m in 39ms[2m (compile: 11ms, proxy.ts: 9ms, render: 19ms)[22m
[2m[WebServer] [22m GET /api/test-fpl-stub/entry/1009/history [32m200[39m in 39ms[2m (compile: 11ms, proxy.ts: 9ms, render: 19ms)[22m
[2m[WebServer] [22m GET /api/test-fpl-stub/entry/1010/history [32m200[39m in 41ms[2m (compile: 13ms, proxy.ts: 8ms, render: 20ms)[22m
[2m[WebServer] [22m GET /api/test-fpl-stub/entry/1011/history [32m200[39m in 41ms[2m (compile: 13ms, proxy.ts: 8ms, render: 20ms)[22m
[2m[WebServer] [22m GET /api/test-fpl-stub/entry/1012/history [32m200[39m in 41ms[2m (compile: 13ms, proxy.ts: 8ms, render: 20ms)[22m
[2m[WebServer] [22m GET /api/test-fpl-stub/entry/1013/history [32m200[39m in 41ms[2m (compile: 13ms, proxy.ts: 8ms, render: 20ms)[22m
[2m[WebServer] [22m[fpl] fpl-league warm lane=background calls=12/12 rejected=0
[2m[WebServer] [22m GET /api/fpl-league?leagueSlug=t8-4xhot3rw [32m200[39m in 499ms[2m (compile: 2ms, proxy.ts: 4ms, render: 493ms)[22m
[2m[WebServer] [22m GET /api/test-fpl-stub/bootstrap-static [32m200[39m in 13ms[2m (compile: 3ms, proxy.ts: 4ms, render: 6ms)[22m
[2m[WebServer] [22m GET /api/test-fpl-stub/entry/1002/history [32m200[39m in 45ms[2m (compile: 17ms, proxy.ts: 9ms, render: 19ms)[22m
[2m[WebServer] [22m GET /api/test-fpl-stub/entry/1003/history [32m200[39m in 45ms[2m (compile: 17ms, proxy.ts: 9ms, render: 19ms)[22m
[2m[WebServer] [22m GET /api/test-fpl-stub/entry/1004/history [32m200[39m in 45ms[2m (compile: 17ms, proxy.ts: 9ms, render: 19ms)[22m
[2m[WebServer] [22m GET /api/test-fpl-stub/entry/1005/history [32m200[39m in 45ms[2m (compile: 17ms, proxy.ts: 9ms, render: 19ms)[22m
[2m[WebServer] [22m GET /api/test-fpl-stub/entry/1006/history [32m200[39m in 37ms[2m (compile: 11ms, proxy.ts: 9ms, render: 17ms)[22m
[2m[WebServer] [22m GET /api/test-fpl-stub/entry/1007/history [32m200[39m in 37ms[2m (compile: 11ms, proxy.ts: 9ms, render: 17ms)[22m
[2m[WebServer] [22m GET /api/test-fpl-stub/entry/1008/history [32m200[39m in 37ms[2m (compile: 11ms, proxy.ts: 9ms, render: 17ms)[22m
[2m[WebServer] [22m GET /api/test-fpl-stub/entry/1009/history [32m200[39m in 37ms[2m (compile: 11ms, proxy.ts: 9ms, render: 17ms)[22m
[2m[WebServer] [22m GET /api/test-fpl-stub/entry/1010/history [32m200[39m in 38ms[2m (compile: 10ms, proxy.ts: 8ms, render: 19ms)[22m
[2m[WebServer] [22m GET /api/test-fpl-stub/entry/1011/history [32m200[39m in 38ms[2m (compile: 10ms, proxy.ts: 8ms, render: 19ms)[22m
[2m[WebServer] [22m GET /api/test-fpl-stub/entry/1012/history [32m200[39m in 38ms[2m (compile: 10ms, proxy.ts: 8ms, render: 19ms)[22m
[2m[WebServer] [22m GET /api/test-fpl-stub/entry/1013/history [32m200[39m in 38ms[2m (compile: 10ms, proxy.ts: 8ms, render: 19ms)[22m
[2m[WebServer] [22m[fpl] fpl-league warm lane=background calls=12/12 rejected=0
[2m[WebServer] [22m GET /api/fpl-league?leagueSlug=t8-4xhot3rw [32m200[39m in 497ms[2m (compile: 1845µs, proxy.ts: 4ms, render: 492ms)[22m
[2m[WebServer] [22m GET /api/test-fpl-stub/bootstrap-static [32m200[39m in 13ms[2m (compile: 3ms, proxy.ts: 4ms, render: 6ms)[22m
[2m[WebServer] [22m GET /api/test-fpl-stub/entry/1004/history [32m200[39m in 35ms[2m (compile: 9ms, proxy.ts: 7ms, render: 18ms)[22m
[2m[WebServer] [22m GET /api/test-fpl-stub/entry/1005/history [32m200[39m in 35ms[2m (compile: 9ms, proxy.ts: 7ms, render: 18ms)[22m
[2m[WebServer] [22m GET /api/test-fpl-stub/entry/1002/history [32m200[39m in 35ms[2m (compile: 9ms, proxy.ts: 7ms, render: 18ms)[22m
[2m[WebServer] [22m GET /api/test-fpl-stub/entry/1003/history [32m200[39m in 35ms[2m (compile: 10ms, proxy.ts: 7ms, render: 18ms)[22m
[2m[WebServer] [22m GET /api/test-fpl-stub/entry/1006/history [32m200[39m in 42ms[2m (compile: 16ms, proxy.ts: 6ms, render: 20ms)[22m
[2m[WebServer] [22m GET /api/test-fpl-stub/entry/1007/history [32m200[39m in 42ms[2m (compile: 16ms, proxy.ts: 6ms, render: 20ms)[22m
[2m[WebServer] [22m GET /api/test-fpl-stub/entry/1008/history [32m200[39m in 43ms[2m (compile: 16ms, proxy.ts: 6ms, render: 20ms)[22m
[2m[WebServer] [22m GET /api/test-fpl-stub/entry/1009/history [32m200[39m in 43ms[2m (compile: 16ms, proxy.ts: 6ms, render: 20ms)[22m
[2m[WebServer] [22m GET /api/test-fpl-stub/entry/1012/history [32m200[39m in 38ms[2m (compile: 10ms, proxy.ts: 7ms, render: 21ms)[22m
[2m[WebServer] [22m GET /api/test-fpl-stub/entry/1013/history [32m200[39m in 38ms[2m (compile: 10ms, proxy.ts: 7ms, render: 21ms)[22m
[2m[WebServer] [22m GET /api/test-fpl-stub/entry/1010/history [32m200[39m in 38ms[2m (compile: 10ms, proxy.ts: 7ms, render: 21ms)[22m
[2m[WebServer] [22m GET /api/test-fpl-stub/entry/1011/history [32m200[39m in 38ms[2m (compile: 10ms, proxy.ts: 7ms, render: 21ms)[22m
[2m[WebServer] [22m[fpl] fpl-league warm lane=background calls=12/12 rejected=0
[2m[WebServer] [22m GET /api/fpl-league?leagueSlug=t8-4xhot3rw [32m200[39m in 492ms[2m (compile: 1558µs, proxy.ts: 4ms, render: 486ms)[22m
[2m[WebServer] [22m GET /api/test-fpl-stub/bootstrap-static [32m200[39m in 14ms[2m (compile: 4ms, proxy.ts: 4ms, render: 6ms)[22m
[2m[WebServer] [22m GET /api/test-fpl-stub/entry/1002/history [32m200[39m in 39ms[2m (compile: 11ms, proxy.ts: 7ms, render: 21ms)[22m
[2m[WebServer] [22m GET /api/test-fpl-stub/entry/1003/history [32m200[39m in 39ms[2m (compile: 11ms, proxy.ts: 7ms, render: 21ms)[22m
[2m[WebServer] [22m GET /api/test-fpl-stub/entry/1004/history [32m200[39m in 39ms[2m (compile: 11ms, proxy.ts: 7ms, render: 21ms)[22m
[2m[WebServer] [22m GET /api/test-fpl-stub/entry/1005/history [32m200[39m in 39ms[2m (compile: 11ms, proxy.ts: 7ms, render: 21ms)[22m
[2m[WebServer] [22m GET /api/test-fpl-stub/entry/1009/history [32m200[39m in 50ms[2m (compile: 23ms, proxy.ts: 7ms, render: 20ms)[22m
[2m[WebServer] [22m GET /api/test-fpl-stub/entry/1006/history [32m200[39m in 50ms[2m (compile: 23ms, proxy.ts: 7ms, render: 20ms)[22m
[2m[WebServer] [22m GET /api/test-fpl-stub/entry/1007/history [32m200[39m in 50ms[2m (compile: 23ms, proxy.ts: 7ms, render: 20ms)[22m
[2m[WebServer] [22m GET /api/test-fpl-stub/entry/1008/history [32m200[39m in 50ms[2m (compile: 23ms, proxy.ts: 7ms, render: 20ms)[22m
[2m[WebServer] [22m GET /api/test-fpl-stub/entry/1010/history [32m200[39m in 44ms[2m (compile: 16ms, proxy.ts: 6ms, render: 22ms)[22m
[2m[WebServer] [22m GET /api/test-fpl-stub/entry/1011/history [32m200[39m in 44ms[2m (compile: 16ms, proxy.ts: 6ms, render: 22ms)[22m
[2m[WebServer] [22m GET /api/test-fpl-stub/entry/1012/history [32m200[39m in 44ms[2m (compile: 16ms, proxy.ts: 6ms, render: 22ms)[22m
[2m[WebServer] [22m GET /api/test-fpl-stub/entry/1013/history [32m200[39m in 44ms[2m (compile: 16ms, proxy.ts: 6ms, render: 22ms)[22m
[2m[WebServer] [22m[fpl] fpl-league warm lane=background calls=12/12 rejected=0
[2m[WebServer] [22m GET /api/fpl-league?leagueSlug=t8-4xhot3rw [32m200[39m in 503ms[2m (compile: 1699µs, proxy.ts: 4ms, render: 497ms)[22m
[2m[WebServer] [22m GET /api/test-fpl-stub/bootstrap-static [32m200[39m in 13ms[2m (compile: 3ms, proxy.ts: 4ms, render: 6ms)[22m
[2m[WebServer] [22m GET /api/test-fpl-stub/entry/1004/history [32m200[39m in 40ms[2m (compile: 13ms, proxy.ts: 7ms, render: 20ms)[22m
[2m[WebServer] [22m GET /api/test-fpl-stub/entry/1005/history [32m200[39m in 40ms[2m (compile: 13ms, proxy.ts: 7ms, render: 20ms)[22m
[2m[WebServer] [22m GET /api/test-fpl-stub/entry/1002/history [32m200[39m in 40ms[2m (compile: 13ms, proxy.ts: 7ms, render: 20ms)[22m
[2m[WebServer] [22m GET /api/test-fpl-stub/entry/1003/history [32m200[39m in 40ms[2m (compile: 13ms, proxy.ts: 7ms, render: 20ms)[22m
[2m[WebServer] [22m GET /api/test-fpl-stub/entry/1006/history [32m200[39m in 36ms[2m (compile: 11ms, proxy.ts: 7ms, render: 18ms)[22m
[2m[WebServer] [22m GET /api/test-fpl-stub/entry/1007/history [32m200[39m in 36ms[2m (compile: 11ms, proxy.ts: 7ms, render: 18ms)[22m
[2m[WebServer] [22m GET /api/test-fpl-stub/entry/1008/history [32m200[39m in 36ms[2m (compile: 11ms, proxy.ts: 7ms, render: 18ms)[22m
[2m[WebServer] [22m GET /api/test-fpl-stub/entry/1009/history [32m200[39m in 36ms[2m (compile: 11ms, proxy.ts: 7ms, render: 18ms)[22m
[2m[WebServer] [22m GET /api/test-fpl-stub/entry/1013/history [32m200[39m in 113ms[2m (compile: 22ms, proxy.ts: 55ms, render: 37ms)[22m
[2m[WebServer] [22m GET /api/test-fpl-stub/entry/1010/history [32m200[39m in 113ms[2m (compile: 22ms, proxy.ts: 55ms, render: 37ms)[22m
[2m[WebServer] [22m GET /api/test-fpl-stub/entry/1011/history [32m200[39m in 113ms[2m (compile: 23ms, proxy.ts: 55ms, render: 36ms)[22m
[2m[WebServer] [22m GET /api/test-fpl-stub/entry/1012/history [32m200[39m in 113ms[2m (compile: 23ms, proxy.ts: 55ms, render: 36ms)[22m
[2m[WebServer] [22m[fpl] fpl-league warm lane=background calls=12/12 rejected=0
[2m[WebServer] [22m GET /api/fpl-league?leagueSlug=t8-4xhot3rw [32m200[39m in 579ms[2m (compile: 1392µs, proxy.ts: 4ms, render: 574ms)[22m
[2m[WebServer] [22m GET /api/test-fpl-stub/bootstrap-static [32m200[39m in 13ms[2m (compile: 3ms, proxy.ts: 5ms, render: 5ms)[22m
[2m[WebServer] [22m GET /api/test-fpl-stub/entry/1004/history [32m200[39m in 36ms[2m (compile: 11ms, proxy.ts: 7ms, render: 19ms)[22m
[2m[WebServer] [22m GET /api/test-fpl-stub/entry/1005/history [32m200[39m in 36ms[2m (compile: 11ms, proxy.ts: 7ms, render: 19ms)[22m
[2m[WebServer] [22m GET /api/test-fpl-stub/entry/1002/history [32m200[39m in 37ms[2m (compile: 11ms, proxy.ts: 7ms, render: 19ms)[22m
[2m[WebServer] [22m GET /api/test-fpl-stub/entry/1003/history [32m200[39m in 37ms[2m (compile: 11ms, proxy.ts: 7ms, render: 19ms)[22m
[2m[WebServer] [22m GET /api/test-fpl-stub/entry/1006/history [32m200[39m in 40ms[2m (compile: 12ms, proxy.ts: 10ms, render: 18ms)[22m
[2m[WebServer] [22m GET /api/test-fpl-stub/entry/1007/history [32m200[39m in 41ms[2m (compile: 12ms, proxy.ts: 10ms, render: 18ms)[22m
[2m[WebServer] [22m GET /api/test-fpl-stub/entry/1008/history [32m200[39m in 40ms[2m (compile: 12ms, proxy.ts: 10ms, render: 18ms)[22m
[2m[WebServer] [22m GET /api/test-fpl-stub/entry/1009/history [32m200[39m in 40ms[2m (compile: 12ms, proxy.ts: 10ms, render: 18ms)[22m
[2m[WebServer] [22m GET /api/test-fpl-stub/entry/1012/history [32m200[39m in 38ms[2m (compile: 12ms, proxy.ts: 7ms, render: 20ms)[22m
[2m[WebServer] [22m GET /api/test-fpl-stub/entry/1013/history [32m200[39m in 38ms[2m (compile: 12ms, proxy.ts: 7ms, render: 20ms)[22m
[2m[WebServer] [22m GET /api/test-fpl-stub/entry/1010/history [32m200[39m in 38ms[2m (compile: 12ms, proxy.ts: 7ms, render: 20ms)[22m
[2m[WebServer] [22m GET /api/test-fpl-stub/entry/1011/history [32m200[39m in 38ms[2m (compile: 12ms, proxy.ts: 7ms, render: 20ms)[22m
[2m[WebServer] [22m[fpl] fpl-league warm lane=background calls=12/12 rejected=0
[2m[WebServer] [22m GET /api/fpl-league?leagueSlug=t8-4xhot3rw [32m200[39m in 445ms[2m (compile: 1362µs, proxy.ts: 5ms, render: 439ms)[22m
  ok 28 [chromium] › tests\league-types\fpl-league.spec.ts:96:7 › FPL League (TVT) › reports the settled gameweek, and marks it live only when one is in flight (6.0s)
[2m[WebServer] [22m GET /api/test-fpl-stub/bootstrap-static [32m200[39m in 22ms[2m (compile: 11ms, proxy.ts: 5ms, render: 7ms)[22m
[2m[WebServer] [22m GET /api/test-fpl-stub/entry/1004/history [32m200[39m in 37ms[2m (compile: 11ms, proxy.ts: 8ms, render: 19ms)[22m
[2m[WebServer] [22m GET /api/test-fpl-stub/entry/1005/history [32m200[39m in 37ms[2m (compile: 11ms, proxy.ts: 8ms, render: 19ms)[22m
[2m[WebServer] [22m GET /api/test-fpl-stub/entry/1002/history [32m200[39m in 37ms[2m (compile: 11ms, proxy.ts: 8ms, render: 19ms)[22m
[2m[WebServer] [22m GET /api/test-fpl-stub/entry/1003/history [32m200[39m in 37ms[2m (compile: 11ms, proxy.ts: 8ms, render: 19ms)[22m
[2m[WebServer] [22m GET /api/test-fpl-stub/entry/1006/history [32m200[39m in 41ms[2m (compile: 11ms, proxy.ts: 7ms, render: 22ms)[22m
[2m[WebServer] [22m GET /api/test-fpl-stub/entry/1007/history [32m200[39m in 41ms[2m (compile: 11ms, proxy.ts: 7ms, render: 22ms)[22m
[2m[WebServer] [22m GET /api/test-fpl-stub/entry/1008/history [32m200[39m in 41ms[2m (compile: 11ms, proxy.ts: 7ms, render: 22ms)[22m
[2m[WebServer] [22m GET /api/test-fpl-stub/entry/1009/history [32m200[39m in 41ms[2m (compile: 11ms, proxy.ts: 7ms, render: 22ms)[22m
[2m[WebServer] [22m GET /api/test-fpl-stub/entry/1010/history [32m200[39m in 37ms[2m (compile: 10ms, proxy.ts: 8ms, render: 19ms)[22m
[2m[WebServer] [22m GET /api/test-fpl-stub/entry/1011/history [32m200[39m in 37ms[2m (compile: 10ms, proxy.ts: 8ms, render: 19ms)[22m
[2m[WebServer] [22m GET /api/test-fpl-stub/entry/1012/history [32m200[39m in 37ms[2m (compile: 10ms, proxy.ts: 8ms, render: 19ms)[22m
[2m[WebServer] [22m GET /api/test-fpl-stub/entry/1013/history [32m200[39m in 37ms[2m (compile: 10ms, proxy.ts: 9ms, render: 19ms)[22m
[2m[WebServer] [22m[fpl] fpl-league warm lane=background calls=12/12 rejected=0
[2m[WebServer] [22m GET /api/fpl-league?leagueSlug=t8-4xhot3rw [32m200[39m in 482ms[2m (compile: 1928µs, proxy.ts: 5ms, render: 475ms)[22m
[2m[WebServer] [22m GET /api/test-fpl-stub/bootstrap-static [32m200[39m in 13ms[2m (compile: 4ms, proxy.ts: 4ms, render: 6ms)[22m
[2m[WebServer] [22m GET /api/test-fpl-stub/entry/1002/history [32m200[39m in 44ms[2m (compile: 17ms, proxy.ts: 6ms, render: 21ms)[22m
[2m[WebServer] [22m GET /api/test-fpl-stub/entry/1003/history [32m200[39m in 44ms[2m (compile: 17ms, proxy.ts: 6ms, render: 21ms)[22m
[2m[WebServer] [22m GET /api/test-fpl-stub/entry/1004/history [32m200[39m in 44ms[2m (compile: 17ms, proxy.ts: 6ms, render: 21ms)[22m
[2m[WebServer] [22m GET /api/test-fpl-stub/entry/1005/history [32m200[39m in 44ms[2m (compile: 17ms, proxy.ts: 6ms, render: 21ms)[22m
[2m[WebServer] [22m GET /api/test-fpl-stub/entry/1008/history [32m200[39m in 37ms[2m (compile: 11ms, proxy.ts: 7ms, render: 19ms)[22m
[2m[WebServer] [22m GET /api/test-fpl-stub/entry/1009/history [32m200[39m in 37ms[2m (compile: 11ms, proxy.ts: 7ms, render: 19ms)[22m
[2m[WebServer] [22m GET /api/test-fpl-stub/entry/1006/history [32m200[39m in 37ms[2m (compile: 11ms, proxy.ts: 7ms, render: 19ms)[22m
[2m[WebServer] [22m GET /api/test-fpl-stub/entry/1007/history [32m200[39m in 37ms[2m (compile: 11ms, proxy.ts: 7ms, render: 19ms)[22m
[2m[WebServer] [22m GET /api/test-fpl-stub/entry/1012/history [32m200[39m in 37ms[2m (compile: 11ms, proxy.ts: 8ms, render: 18ms)[22m
[2m[WebServer] [22m GET /api/test-fpl-stub/entry/1013/history [32m200[39m in 37ms[2m (compile: 11ms, proxy.ts: 8ms, render: 18ms)[22m
[2m[WebServer] [22m GET /api/test-fpl-stub/entry/1010/history [32m200[39m in 37ms[2m (compile: 11ms, proxy.ts: 8ms, render: 18ms)[22m
[2m[WebServer] [22m GET /api/test-fpl-stub/entry/1011/history [32m200[39m in 37ms[2m (compile: 11ms, proxy.ts: 8ms, render: 18ms)[22m
[2m[WebServer] [22m[fpl] fpl-league warm lane=background calls=12/12 rejected=0
[2m[WebServer] [22m GET /api/fpl-league?leagueSlug=t8-4xhot3rw [32m200[39m in 491ms[2m (compile: 1951µs, proxy.ts: 5ms, render: 484ms)[22m
[2m[WebServer] [22m GET /api/test-fpl-stub/bootstrap-static [32m200[39m in 16ms[2m (compile: 5ms, proxy.ts: 5ms, render: 6ms)[22m
[2m[WebServer] [22m GET /api/test-fpl-stub/entry/1002/history [32m200[39m in 38ms[2m (compile: 11ms, proxy.ts: 6ms, render: 21ms)[22m
[2m[WebServer] [22m GET /api/test-fpl-stub/entry/1003/history [32m200[39m in 38ms[2m (compile: 11ms, proxy.ts: 6ms, render: 21ms)[22m
[2m[WebServer] [22m GET /api/test-fpl-stub/entry/1004/history [32m200[39m in 38ms[2m (compile: 11ms, proxy.ts: 6ms, render: 21ms)[22m
[2m[WebServer] [22m GET /api/test-fpl-stub/entry/1005/history [32m200[39m in 38ms[2m (compile: 11ms, proxy.ts: 6ms, render: 21ms)[22m
[2m[WebServer] [22m GET /api/test-fpl-stub/entry/1006/history [32m200[39m in 47ms[2m (compile: 19ms, proxy.ts: 9ms, render: 20ms)[22m
[2m[WebServer] [22m GET /api/test-fpl-stub/entry/1007/history [32m200[39m in 48ms[2m (compile: 19ms, proxy.ts: 9ms, render: 20ms)[22m
[2m[WebServer] [22m GET /api/test-fpl-stub/entry/1008/history [32m200[39m in 48ms[2m (compile: 19ms, proxy.ts: 9ms, render: 20ms)[22m
[2m[WebServer] [22m GET /api/test-fpl-stub/entry/1009/history [32m200[39m in 48ms[2m (compile: 19ms, proxy.ts: 9ms, render: 20ms)[22m
[2m[WebServer] [22m GET /api/test-fpl-stub/entry/1010/history [32m200[39m in 37ms[2m (compile: 11ms, proxy.ts: 7ms, render: 20ms)[22m
[2m[WebServer] [22m GET /api/test-fpl-stub/entry/1011/history [32m200[39m in 37ms[2m (compile: 11ms, proxy.ts: 7ms, render: 20ms)[22m
[2m[WebServer] [22m GET /api/test-fpl-stub/entry/1012/history [32m200[39m in 38ms[2m (compile: 11ms, proxy.ts: 7ms, render: 20ms)[22m
[2m[WebServer] [22m GET /api/test-fpl-stub/entry/1013/history [32m200[39m in 38ms[2m (compile: 11ms, proxy.ts: 7ms, render: 20ms)[22m
[2m[WebServer] [22m[fpl] fpl-league warm lane=background calls=12/12 rejected=0
[2m[WebServer] [22m GET /api/fpl-league?leagueSlug=t8-4xhot3rw [32m200[39m in 497ms[2m (compile: 1518µs, proxy.ts: 4ms, render: 491ms)[22m
[2m[WebServer] [22m GET /api/test-fpl-stub/bootstrap-static [32m200[39m in 17ms[2m (compile: 5ms, proxy.ts: 5ms, render: 7ms)[22m
[2m[WebServer] [22m GET /api/test-fpl-stub/entry/1002/history [32m200[39m in 39ms[2m (compile: 13ms, proxy.ts: 8ms, render: 18ms)[22m
[2m[WebServer] [22m GET /api/test-fpl-stub/entry/1003/history [32m200[39m in 39ms[2m (compile: 13ms, proxy.ts: 8ms, render: 18ms)[22m
[2m[WebServer] [22m GET /api/test-fpl-stub/entry/1004/history [32m200[39m in 39ms[2m (compile: 13ms, proxy.ts: 8ms, render: 18ms)[22m
[2m[WebServer] [22m GET /api/test-fpl-stub/entry/1005/history [32m200[39m in 39ms[2m (compile: 13ms, proxy.ts: 8ms, render: 18ms)[22m
[2m[WebServer] [22m GET /api/test-fpl-stub/entry/1006/history [32m200[39m in 38ms[2m (compile: 12ms, proxy.ts: 7ms, render: 20ms)[22m
[2m[WebServer] [22m GET /api/test-fpl-stub/entry/1007/history [32m200[39m in 38ms[2m (compile: 12ms, proxy.ts: 7ms, render: 20ms)[22m
[2m[WebServer] [22m GET /api/test-fpl-stub/entry/1008/history [32m200[39m in 38ms[2m (compile: 12ms, proxy.ts: 7ms, render: 20ms)[22m
[2m[WebServer] [22m GET /api/test-fpl-stub/entry/1009/history [32m200[39m in 38ms[2m (compile: 12ms, proxy.ts: 7ms, render: 20ms)[22m
[2m[WebServer] [22m GET /api/test-fpl-stub/entry/1010/history [32m200[39m in 42ms[2m (compile: 18ms, proxy.ts: 6ms, render: 19ms)[22m
[2m[WebServer] [22m GET /api/test-fpl-stub/entry/1011/history [32m200[39m in 42ms[2m (compile: 18ms, proxy.ts: 6ms, render: 18ms)[22m
[2m[WebServer] [22m GET /api/test-fpl-stub/entry/1012/history [32m200[39m in 42ms[2m (compile: 18ms, proxy.ts: 6ms, render: 18ms)[22m
[2m[WebServer] [22m GET /api/test-fpl-stub/entry/1013/history [32m200[39m in 42ms[2m (compile: 18ms, proxy.ts: 6ms, render: 18ms)[22m
[2m[WebServer] [22m[fpl] fpl-league warm lane=background calls=12/12 rejected=0
[2m[WebServer] [22m GET /api/fpl-league?leagueSlug=t8-4xhot3rw [32m200[39m in 502ms[2m (compile: 1689µs, proxy.ts: 4ms, render: 496ms)[22m
[2m[WebServer] [22m GET /api/test-fpl-stub/bootstrap-static [32m200[39m in 12ms[2m (compile: 3ms, proxy.ts: 3ms, render: 6ms)[22m
[2m[WebServer] [22m GET /api/test-fpl-stub/entry/1004/history [32m200[39m in 41ms[2m (compile: 13ms, proxy.ts: 8ms, render: 19ms)[22m
[2m[WebServer] [22m GET /api/test-fpl-stub/entry/1005/history [32m200[39m in 41ms[2m (compile: 13ms, proxy.ts: 8ms, render: 19ms)[22m
[2m[WebServer] [22m GET /api/test-fpl-stub/entry/1002/history [32m200[39m in 41ms[2m (compile: 13ms, proxy.ts: 8ms, render: 19ms)[22m
[2m[WebServer] [22m GET /api/test-fpl-stub/entry/1003/history [32m200[39m in 41ms[2m (compile: 13ms, proxy.ts: 8ms, render: 19ms)[22m
[2m[WebServer] [22m GET /api/test-fpl-stub/entry/1009/history [32m200[39m in 35ms[2m (compile: 10ms, proxy.ts: 7ms, render: 18ms)[22m
[2m[WebServer] [22m GET /api/test-fpl-stub/entry/1006/history [32m200[39m in 35ms[2m (compile: 10ms, proxy.ts: 7ms, render: 18ms)[22m
[2m[WebServer] [22m GET /api/test-fpl-stub/entry/1007/history [32m200[39m in 35ms[2m (compile: 10ms, proxy.ts: 7ms, render: 18ms)[22m
[2m[WebServer] [22m GET /api/test-fpl-stub/entry/1008/history [32m200[39m in 35ms[2m (compile: 10ms, proxy.ts: 7ms, render: 18ms)[22m
[2m[WebServer] [22m GET /api/test-fpl-stub/entry/1010/history [32m200[39m in 38ms[2m (compile: 13ms, proxy.ts: 7ms, render: 18ms)[22m
[2m[WebServer] [22m GET /api/test-fpl-stub/entry/1011/history [32m200[39m in 38ms[2m (compile: 13ms, proxy.ts: 7ms, render: 18ms)[22m
[2m[WebServer] [22m GET /api/test-fpl-stub/entry/1012/history [32m200[39m in 38ms[2m (compile: 13ms, proxy.ts: 7ms, render: 18ms)[22m
[2m[WebServer] [22m GET /api/test-fpl-stub/entry/1013/history [32m200[39m in 38ms[2m (compile: 13ms, proxy.ts: 7ms, render: 18ms)[22m
[2m[WebServer] [22m[fpl] fpl-league warm lane=background calls=12/12 rejected=0
[2m[WebServer] [22m GET /api/fpl-league?leagueSlug=t8-4xhot3rw [32m200[39m in 492ms[2m (compile: 1565µs, proxy.ts: 5ms, render: 486ms)[22m
[2m[WebServer] [22m GET /api/test-fpl-stub/bootstrap-static [32m200[39m in 21ms[2m (compile: 11ms, proxy.ts: 3ms, render: 7ms)[22m
[2m[WebServer] [22m GET /api/test-fpl-stub/entry/1004/history [32m200[39m in 37ms[2m (compile: 12ms, proxy.ts: 8ms, render: 18ms)[22m
[2m[WebServer] [22m GET /api/test-fpl-stub/entry/1005/history [32m200[39m in 37ms[2m (compile: 12ms, proxy.ts: 8ms, render: 18ms)[22m
[2m[WebServer] [22m GET /api/test-fpl-stub/entry/1002/history [32m200[39m in 37ms[2m (compile: 12ms, proxy.ts: 8ms, render: 18ms)[22m
[2m[WebServer] [22m GET /api/test-fpl-stub/entry/1003/history [32m200[39m in 37ms[2m (compile: 12ms, proxy.ts: 8ms, render: 18ms)[22m
[2m[WebServer] [22m GET /api/test-fpl-stub/entry/1008/history [32m200[39m in 45ms[2m (compile: 14ms, proxy.ts: 11ms, render: 21ms)[22m
[2m[WebServer] [22m GET /api/test-fpl-stub/entry/1009/history [32m200[39m in 45ms[2m (compile: 14ms, proxy.ts: 11ms, render: 21ms)[22m
[2m[WebServer] [22m GET /api/test-fpl-stub/entry/1006/history [32m200[39m in 45ms[2m (compile: 14ms, proxy.ts: 11ms, render: 21ms)[22m
[2m[WebServer] [22m GET /api/test-fpl-stub/entry/1007/history [32m200[39m in 45ms[2m (compile: 14ms, proxy.ts: 11ms, render: 20ms)[22m
[2m[WebServer] [22m GET /api/test-fpl-stub/entry/1010/history [32m200[39m in 37ms[2m (compile: 10ms, proxy.ts: 6ms, render: 21ms)[22m
[2m[WebServer] [22m GET /api/test-fpl-stub/entry/1011/history [32m200[39m in 37ms[2m (compile: 10ms, proxy.ts: 6ms, render: 21ms)[22m
[2m[WebServer] [22m GET /api/test-fpl-stub/entry/1012/history [32m200[39m in 37ms[2m (compile: 10ms, proxy.ts: 6ms, render: 21ms)[22m
[2m[WebServer] [22m GET /api/test-fpl-stub/entry/1013/history [32m200[39m in 37ms[2m (compile: 10ms, proxy.ts: 6ms, render: 20ms)[22m
[2m[WebServer] [22m[fpl] fpl-league warm lane=background calls=12/12 rejected=0
[2m[WebServer] [22m GET /api/fpl-league?leagueSlug=t8-4xhot3rw [32m200[39m in 513ms[2m (compile: 1387µs, proxy.ts: 4ms, render: 508ms)[22m
[2m[WebServer] [22m GET /api/test-fpl-stub/bootstrap-static [32m200[39m in 13ms[2m (compile: 3ms, proxy.ts: 5ms, render: 6ms)[22m
[2m[WebServer] [22m GET /api/test-fpl-stub/entry/1002/history [32m200[39m in 43ms[2m (compile: 16ms, proxy.ts: 6ms, render: 21ms)[22m
[2m[WebServer] [22m GET /api/test-fpl-stub/entry/1003/history [32m200[39m in 43ms[2m (compile: 16ms, proxy.ts: 6ms, render: 21ms)[22m
[2m[WebServer] [22m GET /api/test-fpl-stub/entry/1004/history [32m200[39m in 43ms[2m (compile: 16ms, proxy.ts: 6ms, render: 21ms)[22m
[2m[WebServer] [22m GET /api/test-fpl-stub/entry/1005/history [32m200[39m in 44ms[2m (compile: 16ms, proxy.ts: 6ms, render: 21ms)[22m
[2m[WebServer] [22m GET /api/test-fpl-stub/entry/1006/history [32m200[39m in 35ms[2m (compile: 10ms, proxy.ts: 7ms, render: 18ms)[22m
[2m[WebServer] [22m GET /api/test-fpl-stub/entry/1007/history [32m200[39m in 35ms[2m (compile: 10ms, proxy.ts: 7ms, render: 18ms)[22m
[2m[WebServer] [22m GET /api/test-fpl-stub/entry/1009/history [32m200[39m in 35ms[2m (compile: 10ms, proxy.ts: 7ms, render: 18ms)[22m
[2m[WebServer] [22m GET /api/test-fpl-stub/entry/1008/history [32m200[39m in 35ms[2m (compile: 10ms, proxy.ts: 7ms, render: 18ms)[22m
[2m[WebServer] [22m GET /api/test-fpl-stub/entry/1013/history [32m200[39m in 38ms[2m (compile: 10ms, proxy.ts: 10ms, render: 18ms)[22m
[2m[WebServer] [22m GET /api/test-fpl-stub/entry/1010/history [32m200[39m in 39ms[2m (compile: 11ms, proxy.ts: 10ms, render: 18ms)[22m
[2m[WebServer] [22m GET /api/test-fpl-stub/entry/1011/history [32m200[39m in 39ms[2m (compile: 11ms, proxy.ts: 10ms, render: 18ms)[22m
[2m[WebServer] [22m GET /api/test-fpl-stub/entry/1012/history [32m200[39m in 39ms[2m (compile: 11ms, proxy.ts: 10ms, render: 18ms)[22m
[2m[WebServer] [22m[fpl] fpl-league warm lane=background calls=12/12 rejected=0
[2m[WebServer] [22m GET /api/fpl-league?leagueSlug=t8-4xhot3rw [32m200[39m in 484ms[2m (compile: 1661µs, proxy.ts: 5ms, render: 478ms)[22m
[2m[WebServer] [22m GET /api/test-fpl-stub/bootstrap-static [32m200[39m in 13ms[2m (compile: 4ms, proxy.ts: 4ms, render: 5ms)[22m
[2m[WebServer] [22m GET /api/test-fpl-stub/entry/1002/history [32m200[39m in 37ms[2m (compile: 9ms, proxy.ts: 7ms, render: 21ms)[22m
[2m[WebServer] [22m GET /api/test-fpl-stub/entry/1003/history [32m200[39m in 38ms[2m (compile: 9ms, proxy.ts: 7ms, render: 21ms)[22m
[2m[WebServer] [22m GET /api/test-fpl-stub/entry/1004/history [32m200[39m in 38ms[2m (compile: 9ms, proxy.ts: 7ms, render: 21ms)[22m
[2m[WebServer] [22m GET /api/test-fpl-stub/entry/1005/history [32m200[39m in 38ms[2m (compile: 9ms, proxy.ts: 7ms, render: 21ms)[22m
[2m[WebServer] [22m GET /api/test-fpl-stub/entry/1006/history [32m200[39m in 43ms[2m (compile: 16ms, proxy.ts: 6ms, render: 21ms)[22m
[2m[WebServer] [22m GET /api/test-fpl-stub/entry/1007/history [32m200[39m in 43ms[2m (compile: 16ms, proxy.ts: 6ms, render: 21ms)[22m
[2m[WebServer] [22m GET /api/test-fpl-stub/entry/1008/history [32m200[39m in 43ms[2m (compile: 16ms, proxy.ts: 6ms, render: 20ms)[22m
[2m[WebServer] [22m GET /api/test-fpl-stub/entry/1009/history [32m200[39m in 43ms[2m (compile: 16ms, proxy.ts: 6ms, render: 20ms)[22m
[2m[WebServer] [22m GET /api/test-fpl-stub/entry/1012/history [32m200[39m in 37ms[2m (compile: 11ms, proxy.ts: 7ms, render: 19ms)[22m
[2m[WebServer] [22m GET /api/test-fpl-stub/entry/1013/history [32m200[39m in 37ms[2m (compile: 11ms, proxy.ts: 7ms, render: 19ms)[22m
[2m[WebServer] [22m GET /api/test-fpl-stub/entry/1010/history [32m200[39m in 37ms[2m (compile: 11ms, proxy.ts: 7ms, render: 19ms)[22m
[2m[WebServer] [22m GET /api/test-fpl-stub/entry/1011/history [32m200[39m in 37ms[2m (compile: 11ms, proxy.ts: 7ms, render: 19ms)[22m
[2m[WebServer] [22m[fpl] fpl-league warm lane=background calls=12/12 rejected=0
[2m[WebServer] [22m GET /api/fpl-league?leagueSlug=t8-4xhot3rw [32m200[39m in 491ms[2m (compile: 2ms, proxy.ts: 5ms, render: 484ms)[22m
[2m[WebServer] [22m GET /api/test-fpl-stub/bootstrap-static [32m200[39m in 14ms[2m (compile: 4ms, proxy.ts: 4ms, render: 6ms)[22m
[2m[WebServer] [22m GET /api/test-fpl-stub/entry/1002/history [32m200[39m in 37ms[2m (compile: 10ms, proxy.ts: 8ms, render: 19ms)[22m
[2m[WebServer] [22m GET /api/test-fpl-stub/entry/1003/history [32m200[39m in 37ms[2m (compile: 10ms, proxy.ts: 8ms, render: 19ms)[22m
[2m[WebServer] [22m GET /api/test-fpl-stub/entry/1004/history [32m200[39m in 37ms[2m (compile: 10ms, proxy.ts: 8ms, render: 19ms)[22m
[2m[WebServer] [22m GET /api/test-fpl-stub/entry/1005/history [32m200[39m in 37ms[2m (compile: 10ms, proxy.ts: 8ms, render: 19ms)[22m
[2m[WebServer] [22m GET /api/test-fpl-stub/entry/1006/history [32m200[39m in 37ms[2m (compile: 11ms, proxy.ts: 8ms, render: 18ms)[22m
[2m[WebServer] [22m GET /api/test-fpl-stub/entry/1007/history [32m200[39m in 37ms[2m (compile: 11ms, proxy.ts: 8ms, render: 18ms)[22m
[2m[WebServer] [22m GET /api/test-fpl-stub/entry/1008/history [32m200[39m in 37ms[2m (compile: 11ms, proxy.ts: 8ms, render: 18ms)[22m
[2m[WebServer] [22m GET /api/test-fpl-stub/entry/1009/history [32m200[39m in 37ms[2m (compile: 11ms, proxy.ts: 8ms, render: 18ms)[22m
[2m[WebServer] [22m GET /api/test-fpl-stub/entry/1010/history [32m200[39m in 44ms[2m (compile: 17ms, proxy.ts: 7ms, render: 20ms)[22m
[2m[WebServer] [22m GET /api/test-fpl-stub/entry/1011/history [32m200[39m in 44ms[2m (compile: 17ms, proxy.ts: 7ms, render: 20ms)[22m
[2m[WebServer] [22m GET /api/test-fpl-stub/entry/1012/history [32m200[39m in 44ms[2m (compile: 17ms, proxy.ts: 7ms, render: 20ms)[22m
[2m[WebServer] [22m GET /api/test-fpl-stub/entry/1013/history [32m200[39m in 44ms[2m (compile: 17ms, proxy.ts: 7ms, render: 20ms)[22m
[2m[WebServer] [22m[fpl] fpl-league warm lane=background calls=12/12 rejected=0
[2m[WebServer] [22m GET /api/fpl-league?leagueSlug=t8-4xhot3rw [32m200[39m in 490ms[2m (compile: 1805µs, proxy.ts: 4ms, render: 483ms)[22m
[2m[WebServer] [22m GET /api/test-fpl-stub/bootstrap-static [32m200[39m in 12ms[2m (compile: 3ms, proxy.ts: 3ms, render: 6ms)[22m
[2m[WebServer] [22m GET /api/test-fpl-stub/entry/1004/history [32m200[39m in 38ms[2m (compile: 12ms, proxy.ts: 7ms, render: 20ms)[22m
[2m[WebServer] [22m GET /api/test-fpl-stub/entry/1005/history [32m200[39m in 38ms[2m (compile: 12ms, proxy.ts: 7ms, render: 20ms)[22m
[2m[WebServer] [22m GET /api/test-fpl-stub/entry/1002/history [32m200[39m in 38ms[2m (compile: 12ms, proxy.ts: 7ms, render: 20ms)[22m
[2m[WebServer] [22m GET /api/test-fpl-stub/entry/1003/history [32m200[39m in 38ms[2m (compile: 12ms, proxy.ts: 7ms, render: 20ms)[22m
[2m[WebServer] [22m GET /api/test-fpl-stub/entry/1009/history [32m200[39m in 42ms[2m (compile: 11ms, proxy.ts: 9ms, render: 22ms)[22m
[2m[WebServer] [22m GET /api/test-fpl-stub/entry/1006/history [32m200[39m in 42ms[2m (compile: 11ms, proxy.ts: 9ms, render: 22ms)[22m
[2m[WebServer] [22m GET /api/test-fpl-stub/entry/1007/history [32m200[39m in 42ms[2m (compile: 11ms, proxy.ts: 10ms, render: 22ms)[22m
[2m[WebServer] [22m GET /api/test-fpl-stub/entry/1008/history [32m200[39m in 42ms[2m (compile: 11ms, proxy.ts: 10ms, render: 22ms)[22m
[2m[WebServer] [22m GET /api/test-fpl-stub/entry/1010/history [32m200[39m in 33ms[2m (compile: 9ms, proxy.ts: 6ms, render: 17ms)[22m
[2m[WebServer] [22m GET /api/test-fpl-stub/entry/1011/history [32m200[39m in 33ms[2m (compile: 9ms, proxy.ts: 6ms, render: 17ms)[22m
[2m[WebServer] [22m GET /api/test-fpl-stub/entry/1012/history [32m200[39m in 33ms[2m (compile: 9ms, proxy.ts: 6ms, render: 17ms)[22m
[2m[WebServer] [22m GET /api/test-fpl-stub/entry/1013/history [32m200[39m in 33ms[2m (compile: 9ms, proxy.ts: 6ms, render: 17ms)[22m
[2m[WebServer] [22m[fpl] fpl-league warm lane=background calls=12/12 rejected=0
[2m[WebServer] [22m GET /api/fpl-league?leagueSlug=t8-4xhot3rw [32m200[39m in 485ms[2m (compile: 1431µs, proxy.ts: 4ms, render: 480ms)[22m
[2m[WebServer] [22m GET /api/test-fpl-stub/bootstrap-static [32m200[39m in 21ms[2m (compile: 10ms, proxy.ts: 3ms, render: 8ms)[22m
[2m[WebServer] [22m GET /api/test-fpl-stub/entry/1002/history [32m200[39m in 51ms[2m (compile: 13ms, proxy.ts: 19ms, render: 19ms)[22m
[2m[WebServer] [22m GET /api/test-fpl-stub/entry/1003/history [32m200[39m in 51ms[2m (compile: 14ms, proxy.ts: 19ms, render: 19ms)[22m
[2m[WebServer] [22m GET /api/test-fpl-stub/entry/1004/history [32m200[39m in 51ms[2m (compile: 14ms, proxy.ts: 19ms, render: 19ms)[22m
[2m[WebServer] [22m GET /api/test-fpl-stub/entry/1005/history [32m200[39m in 51ms[2m (compile: 14ms, proxy.ts: 19ms, render: 19ms)[22m
[2m[WebServer] [22m GET /api/test-fpl-stub/entry/1006/history [32m200[39m in 39ms[2m (compile: 12ms, proxy.ts: 9ms, render: 18ms)[22m
[2m[WebServer] [22m GET /api/test-fpl-stub/entry/1007/history [32m200[39m in 39ms[2m (compile: 12ms, proxy.ts: 9ms, render: 18ms)[22m
[2m[WebServer] [22m GET /api/test-fpl-stub/entry/1008/history [32m200[39m in 39ms[2m (compile: 12ms, proxy.ts: 9ms, render: 18ms)[22m
[2m[WebServer] [22m GET /api/test-fpl-stub/entry/1009/history [32m200[39m in 39ms[2m (compile: 12ms, proxy.ts: 9ms, render: 18ms)[22m
[2m[WebServer] [22m GET /api/test-fpl-stub/entry/1013/history [32m200[39m in 38ms[2m (compile: 12ms, proxy.ts: 8ms, render: 18ms)[22m
[2m[WebServer] [22m GET /api/test-fpl-stub/entry/1010/history [32m200[39m in 38ms[2m (compile: 12ms, proxy.ts: 8ms, render: 18ms)[22m
[2m[WebServer] [22m GET /api/test-fpl-stub/entry/1011/history [32m200[39m in 38ms[2m (compile: 12ms, proxy.ts: 9ms, render: 18ms)[22m
[2m[WebServer] [22m GET /api/test-fpl-stub/entry/1012/history [32m200[39m in 38ms[2m (compile: 12ms, proxy.ts: 9ms, render: 18ms)[22m
[2m[WebServer] [22m[fpl] fpl-league warm lane=background calls=12/12 rejected=0
[2m[WebServer] [22m GET /api/fpl-league?leagueSlug=t8-4xhot3rw [32m200[39m in 500ms[2m (compile: 2ms, proxy.ts: 6ms, render: 492ms)[22m
[2m[WebServer] [22m GET /api/test-fpl-stub/bootstrap-static [32m200[39m in 12ms[2m (compile: 3ms, proxy.ts: 3ms, render: 6ms)[22m
[2m[WebServer] [22m GET /api/test-fpl-stub/entry/1002/history [32m200[39m in 49ms[2m (compile: 19ms, proxy.ts: 6ms, render: 24ms)[22m
[2m[WebServer] [22m GET /api/test-fpl-stub/entry/1003/history [32m200[39m in 49ms[2m (compile: 19ms, proxy.ts: 6ms, render: 23ms)[22m
[2m[WebServer] [22m GET /api/test-fpl-stub/entry/1004/history [32m200[39m in 49ms[2m (compile: 19ms, proxy.ts: 6ms, render: 23ms)[22m
[2m[WebServer] [22m GET /api/test-fpl-stub/entry/1005/history [32m200[39m in 49ms[2m (compile: 19ms, proxy.ts: 6ms, render: 23ms)[22m
[2m[WebServer] [22m GET /api/test-fpl-stub/entry/1009/history [32m200[39m in 37ms[2m (compile: 12ms, proxy.ts: 7ms, render: 18ms)[22m
[2m[WebServer] [22m GET /api/test-fpl-stub/entry/1006/history [32m200[39m in 37ms[2m (compile: 12ms, proxy.ts: 7ms, render: 18ms)[22m
[2m[WebServer] [22m GET /api/test-fpl-stub/entry/1007/history [32m200[39m in 37ms[2m (compile: 12ms, proxy.ts: 7ms, render: 18ms)[22m
[2m[WebServer] [22m GET /api/test-fpl-stub/entry/1008/history [32m200[39m in 37ms[2m (compile: 12ms, proxy.ts: 7ms, render: 18ms)[22m
[2m[WebServer] [22m GET /api/test-fpl-stub/entry/1013/history [32m200[39m in 36ms[2m (compile: 11ms, proxy.ts: 7ms, render: 18ms)[22m
[2m[WebServer] [22m GET /api/test-fpl-stub/entry/1010/history [32m200[39m in 36ms[2m (compile: 11ms, proxy.ts: 7ms, render: 18ms)[22m
[2m[WebServer] [22m GET /api/test-fpl-stub/entry/1011/history [32m200[39m in 36ms[2m (compile: 11ms, proxy.ts: 7ms, render: 18ms)[22m
[2m[WebServer] [22m GET /api/test-fpl-stub/entry/1012/history [32m200[39m in 36ms[2m (compile: 11ms, proxy.ts: 7ms, render: 18ms)[22m
[2m[WebServer] [22m[fpl] fpl-league warm lane=background calls=12/12 rejected=0
[2m[WebServer] [22m GET /api/fpl-league?leagueSlug=t8-4xhot3rw [32m200[39m in 496ms[2m (compile: 1501µs, proxy.ts: 4ms, render: 491ms)[22m
  ok 29 [chromium] › tests\league-types\fpl-league.spec.ts:102:7 › FPL League (TVT) › carries FPL chip status per manager (6.0s)
[2m[WebServer] [22m GET /api/test-fpl-stub/bootstrap-static [32m200[39m in 14ms[2m (compile: 4ms, proxy.ts: 5ms, render: 6ms)[22m
[2m[WebServer] [22m GET /api/test-fpl-stub/entry/1004/history [32m200[39m in 39ms[2m (compile: 13ms, proxy.ts: 7ms, render: 18ms)[22m
[2m[WebServer] [22m GET /api/test-fpl-stub/entry/1005/history [32m200[39m in 39ms[2m (compile: 13ms, proxy.ts: 7ms, render: 18ms)[22m
[2m[WebServer] [22m GET /api/test-fpl-stub/entry/1002/history [32m200[39m in 39ms[2m (compile: 13ms, proxy.ts: 7ms, render: 18ms)[22m
[2m[WebServer] [22m GET /api/test-fpl-stub/entry/1003/history [32m200[39m in 39ms[2m (compile: 13ms, proxy.ts: 7ms, render: 18ms)[22m
[2m[WebServer] [22m GET /api/test-fpl-stub/entry/1006/history [32m200[39m in 59ms[2m (compile: 33ms, proxy.ts: 6ms, render: 20ms)[22m
[2m[WebServer] [22m GET /api/test-fpl-stub/entry/1007/history [32m200[39m in 59ms[2m (compile: 33ms, proxy.ts: 6ms, render: 20ms)[22m
[2m[WebServer] [22m GET /api/test-fpl-stub/entry/1008/history [32m200[39m in 59ms[2m (compile: 33ms, proxy.ts: 6ms, render: 20ms)[22m
[2m[WebServer] [22m GET /api/test-fpl-stub/entry/1009/history [32m200[39m in 59ms[2m (compile: 33ms, proxy.ts: 6ms, render: 20ms)[22m
[2m[WebServer] [22m GET /api/test-fpl-stub/entry/1011/history [32m200[39m in 35ms[2m (compile: 11ms, proxy.ts: 6ms, render: 18ms)[22m
[2m[WebServer] [22m GET /api/test-fpl-stub/entry/1012/history [32m200[39m in 35ms[2m (compile: 11ms, proxy.ts: 6ms, render: 18ms)[22m
[2m[WebServer] [22m GET /api/test-fpl-stub/entry/1010/history [32m200[39m in 35ms[2m (compile: 11ms, proxy.ts: 6ms, render: 18ms)[22m
[2m[WebServer] [22m GET /api/test-fpl-stub/entry/1013/history [32m200[39m in 35ms[2m (compile: 11ms, proxy.ts: 6ms, render: 18ms)[22m
[2m[WebServer] [22m[fpl] fpl-league warm lane=background calls=12/12 rejected=0
[2m[WebServer] [22m GET /api/fpl-league?leagueSlug=t8-4xhot3rw&gw=30 [32m200[39m in 467ms[2m (compile: 1660µs, proxy.ts: 4ms, render: 461ms)[22m
  ok 30 [chromium] › tests\league-types\fpl-league.spec.ts:114:7 › FPL League (TVT) › a gameweek with no data yet renders as blank rather than failing (481ms)
[2m[WebServer] [22m GET /api/fpl-league?leagueSlug=does-not-exist [33m404[39m in 12ms[2m (compile: 1562µs, proxy.ts: 5ms, render: 6ms)[22m
  ok 31 [chromium] › tests\league-types\fpl-league.spec.ts:130:7 › FPL League (TVT) › an unknown league slug is a 404, not a crash (18ms)
[2m[WebServer] [22m GET /t8-4xhot3rw/fpl-league [32m200[39m in 2.3s[2m (compile: 2.1s, render: 209ms)[22m
[2m[WebServer] [22m GET /api/test-fpl-stub/bootstrap-static [32m200[39m in 37ms[2m (compile: 20ms, proxy.ts: 5ms, render: 12ms)[22m
[2m[WebServer] [22m GET /api/fpl-league?leagueSlug=t8-4xhot3rw [32m200[39m in 107ms[2m (compile: 32ms, proxy.ts: 5ms, render: 69ms)[22m
[2m[WebServer] [22m POST /api/test-fpl-stub/control [32m200[39m in 15ms[2m (compile: 3ms, proxy.ts: 6ms, render: 5ms)[22m
  ok 32 [chromium] › tests\league-types\fpl-league.spec.ts:137:7 › FPL League (TVT) › the page renders (3.1s)
[2m[WebServer] [22m POST /api/auth/signin [32m200[39m in 105ms[2m (compile: 8ms, proxy.ts: 4ms, render: 94ms)[22m
[2m[WebServer] [22m GET /api/test-fpl-stub/entry/1004/history [32m200[39m in 216ms[2m (compile: 186ms, proxy.ts: 9ms, render: 20ms)[22m
[2m[WebServer] [22m GET /api/test-fpl-stub/entry/1002/history [32m200[39m in 216ms[2m (compile: 186ms, proxy.ts: 9ms, render: 20ms)[22m
[2m[WebServer] [22m GET /api/test-fpl-stub/entry/1003/history [32m200[39m in 216ms[2m (compile: 186ms, proxy.ts: 9ms, render: 20ms)[22m
[2m[WebServer] [22m GET /api/test-fpl-stub/entry/1005/history [32m200[39m in 216ms[2m (compile: 186ms, proxy.ts: 9ms, render: 20ms)[22m
[2m[WebServer] [22m POST /api/superadmin/leagues [32m200[39m in 769ms[2m (compile: 22ms, proxy.ts: 11ms, render: 736ms)[22m
[2m[WebServer] [22m GET /api/test-fpl-stub/entry/1006/history [32m200[39m in 248ms[2m (compile: 19ms, proxy.ts: 210ms, render: 19ms)[22m
[2m[WebServer] [22m GET /api/test-fpl-stub/entry/1009/history [32m200[39m in 248ms[2m (compile: 19ms, proxy.ts: 210ms, render: 19ms)[22m
[2m[WebServer] [22m GET /api/test-fpl-stub/entry/1007/history [32m200[39m in 248ms[2m (compile: 19ms, proxy.ts: 210ms, render: 19ms)[22m
[2m[WebServer] [22m GET /api/test-fpl-stub/entry/1008/history [32m200[39m in 58ms[2m (compile: 40ms, proxy.ts: 13ms, render: 5ms)[22m
[2m[WebServer] [22m POST /api/auth/signin [32m200[39m in 150ms[2m (compile: 13ms, proxy.ts: 45ms, render: 93ms)[22m
[2m[WebServer] [22m GET /api/test-fpl-stub/entry/1010/history [32m200[39m in 25ms[2m (compile: 13ms, proxy.ts: 6ms, render: 7ms)[22m
[2m[WebServer] [22m POST /api/auth/change-password [32m200[39m in 362ms[2m (compile: 12ms, proxy.ts: 40ms, render: 310ms)[22m
[2m[WebServer] [22m GET /api/test-fpl-stub/entry/1011/history [32m200[39m in 359ms[2m (compile: 13ms, proxy.ts: 328ms, render: 19ms)[22m
[2m[WebServer] [22m GET /api/test-fpl-stub/entry/1012/history [32m200[39m in 359ms[2m (compile: 13ms, proxy.ts: 328ms, render: 19ms)[22m
[2m[WebServer] [22m GET /api/test-fpl-stub/entry/1013/history [32m200[39m in 359ms[2m (compile: 13ms, proxy.ts: 328ms, render: 19ms)[22m
[2m[WebServer] [22m[fpl] fpl-league warm lane=background calls=12/12 rejected=0
[2m[WebServer] [22m POST /api/team/setup [32m200[39m in 287ms[2m (compile: 13ms, proxy.ts: 33ms, render: 241ms)[22m
[2m[WebServer] [22m POST /api/auth/signout [32m200[39m in 18ms[2m (compile: 5ms, proxy.ts: 5ms, render: 7ms)[22m
[2m[WebServer] [22m POST /api/auth/signin [32m200[39m in 76ms[2m (compile: 1629µs, proxy.ts: 6ms, render: 69ms)[22m
[2m[WebServer] [22m POST /api/auth/change-password [32m200[39m in 256ms[2m (compile: 1465µs, proxy.ts: 5ms, render: 250ms)[22m
[2m[WebServer] [22m POST /api/team/setup [32m200[39m in 252ms[2m (compile: 1378µs, proxy.ts: 6ms, render: 245ms)[22m
[2m[WebServer] [22m POST /api/auth/signout [32m200[39m in 10ms[2m (compile: 1243µs, proxy.ts: 4ms, render: 5ms)[22m
[2m[WebServer] [22m POST /api/auth/signin [32m200[39m in 81ms[2m (compile: 1317µs, proxy.ts: 4ms, render: 76ms)[22m
[2m[WebServer] [22m POST /api/auth/change-password [32m200[39m in 254ms[2m (compile: 1624µs, proxy.ts: 4ms, render: 248ms)[22m
[2m[WebServer] [22m POST /api/team/setup [32m200[39m in 252ms[2m (compile: 1386µs, proxy.ts: 4ms, render: 246ms)[22m
[2m[WebServer] [22m POST /api/auth/signout [32m200[39m in 10ms[2m (compile: 1501µs, proxy.ts: 4ms, render: 5ms)[22m
[2m[WebServer] [22m POST /api/auth/signin [32m200[39m in 73ms[2m (compile: 1296µs, proxy.ts: 4ms, render: 68ms)[22m
[2m[WebServer] [22m POST /api/auth/change-password [32m200[39m in 280ms[2m (compile: 1342µs, proxy.ts: 3ms, render: 276ms)[22m
[2m[WebServer] [22m POST /api/team/setup [32m200[39m in 296ms[2m (compile: 1312µs, proxy.ts: 5ms, render: 290ms)[22m
[2m[WebServer] [22m POST /api/auth/signout [32m200[39m in 11ms[2m (compile: 1247µs, proxy.ts: 4ms, render: 6ms)[22m
[2m[WebServer] [22m POST /api/auth/signin [32m200[39m in 74ms[2m (compile: 1267µs, proxy.ts: 3ms, render: 69ms)[22m
[2m[WebServer] [22m POST /api/auth/change-password [32m200[39m in 273ms[2m (compile: 1297µs, proxy.ts: 4ms, render: 268ms)[22m
[2m[WebServer] [22m POST /api/team/setup [32m200[39m in 308ms[2m (compile: 1280µs, proxy.ts: 4ms, render: 303ms)[22m
[2m[WebServer] [22m POST /api/auth/signout [32m200[39m in 10ms[2m (compile: 1263µs, proxy.ts: 4ms, render: 5ms)[22m
[2m[WebServer] [22m POST /api/auth/signin [32m200[39m in 82ms[2m (compile: 1244µs, proxy.ts: 4ms, render: 77ms)[22m
[2m[WebServer] [22m POST /api/auth/change-password [32m200[39m in 281ms[2m (compile: 1333µs, proxy.ts: 4ms, render: 277ms)[22m
[2m[WebServer] [22m POST /api/team/setup [32m200[39m in 264ms[2m (compile: 1276µs, proxy.ts: 4ms, render: 259ms)[22m
[2m[WebServer] [22m POST /api/auth/signout [32m200[39m in 10ms[2m (compile: 1322µs, proxy.ts: 4ms, render: 5ms)[22m
[2m[WebServer] [22m POST /api/auth/signin [32m200[39m in 84ms[2m (compile: 1475µs, proxy.ts: 4ms, render: 79ms)[22m
[2m[WebServer] [22m POST /api/auth/change-password [32m200[39m in 273ms[2m (compile: 1575µs, proxy.ts: 5ms, render: 267ms)[22m
[2m[WebServer] [22m POST /api/team/setup [32m200[39m in 274ms[2m (compile: 1381µs, proxy.ts: 5ms, render: 267ms)[22m
[2m[WebServer] [22m POST /api/auth/signout [32m200[39m in 13ms[2m (compile: 1364µs, proxy.ts: 4ms, render: 8ms)[22m
[2m[WebServer] [22m POST /api/auth/signin [32m200[39m in 79ms[2m (compile: 1875µs, proxy.ts: 4ms, render: 73ms)[22m
[2m[WebServer] [22m POST /api/auth/change-password [32m200[39m in 559ms[2m (compile: 1403µs, proxy.ts: 4ms, render: 554ms)[22m
[2m[WebServer] [22m POST /api/team/setup [32m200[39m in 306ms[2m (compile: 1840µs, proxy.ts: 4ms, render: 300ms)[22m
[2m[WebServer] [22m POST /api/auth/signout [32m200[39m in 12ms[2m (compile: 2ms, proxy.ts: 5ms, render: 5ms)[22m
[2m[WebServer] [22m POST /api/auth/signin [32m200[39m in 80ms[2m (compile: 1784µs, proxy.ts: 5ms, render: 74ms)[22m
[2m[WebServer] [22m POST /api/admin/t8-4xj2evrv/generate-fixtures [32m200[39m in 21.9s[2m (compile: 23ms, proxy.ts: 8ms, render: 21.9s)[22m
[2m[WebServer] [22m POST /api/test-fpl-stub/control [32m200[39m in 27ms[2m (compile: 13ms, proxy.ts: 5ms, render: 9ms)[22m
[2m[WebServer] [22m GET /api/test-fpl-stub/event/1/live [32m200[39m in 25ms[2m (compile: 11ms, proxy.ts: 4ms, render: 9ms)[22m
[2m[WebServer] [22m GET /api/test-fpl-stub/entry/1002/event/1/picks [32m200[39m in 22ms[2m (compile: 11ms, proxy.ts: 4ms, render: 8ms)[22m
[2m[WebServer] [22m GET /api/test-fpl-stub/entry/1003/event/1/picks [32m200[39m in 29ms[2m (compile: 7ms, proxy.ts: 15ms, render: 8ms)[22m
[2m[WebServer] [22m GET /api/test-fpl-stub/entry/1016/event/1/picks [32m200[39m in 21ms[2m (compile: 7ms, proxy.ts: 7ms, render: 8ms)[22m
[2m[WebServer] [22m GET /api/test-fpl-stub/entry/1017/event/1/picks [32m200[39m in 19ms[2m (compile: 4ms, proxy.ts: 8ms, render: 7ms)[22m
[2m[WebServer] [22m GET /api/test-fpl-stub/fixtures [32m200[39m in 32ms[2m (compile: 8ms, proxy.ts: 7ms, render: 17ms)[22m
[2m[WebServer] [22m GET /api/test-fpl-stub/fixtures [32m200[39m in 32ms[2m (compile: 8ms, proxy.ts: 7ms, render: 17ms)[22m
[2m[WebServer] [22m GET /api/test-fpl-stub/bootstrap-static [32m200[39m in 34ms[2m (compile: 15ms, proxy.ts: 5ms, render: 15ms)[22m
[2m[WebServer] [22m GET /api/test-fpl-stub/bootstrap-static [32m200[39m in 34ms[2m (compile: 15ms, proxy.ts: 5ms, render: 15ms)[22m
[2m[WebServer] [22m GET /api/test-fpl-stub/entry/1004/event/1/picks [32m200[39m in 12ms[2m (compile: 3ms, proxy.ts: 4ms, render: 5ms)[22m
[2m[WebServer] [22m GET /api/test-fpl-stub/entry/1005/event/1/picks [32m200[39m in 13ms[2m (compile: 3ms, proxy.ts: 4ms, render: 6ms)[22m
[2m[WebServer] [22m GET /api/test-fpl-stub/entry/1014/event/1/picks [32m200[39m in 12ms[2m (compile: 3ms, proxy.ts: 4ms, render: 5ms)[22m
[2m[WebServer] [22m GET /api/test-fpl-stub/entry/1015/event/1/picks [32m200[39m in 12ms[2m (compile: 3ms, proxy.ts: 4ms, render: 5ms)[22m
[2m[WebServer] [22m GET /api/test-fpl-stub/fixtures [32m200[39m in 36ms[2m (compile: 15ms, proxy.ts: 5ms, render: 16ms)[22m
[2m[WebServer] [22m GET /api/test-fpl-stub/fixtures [32m200[39m in 36ms[2m (compile: 15ms, proxy.ts: 5ms, render: 16ms)[22m
[2m[WebServer] [22m GET /api/test-fpl-stub/bootstrap-static [32m200[39m in 25ms[2m (compile: 7ms, proxy.ts: 6ms, render: 11ms)[22m
[2m[WebServer] [22m GET /api/test-fpl-stub/bootstrap-static [32m200[39m in 25ms[2m (compile: 7ms, proxy.ts: 6ms, render: 11ms)[22m
[2m[WebServer] [22m GET /api/test-fpl-stub/entry/1006/event/1/picks [32m200[39m in 14ms[2m (compile: 4ms, proxy.ts: 3ms, render: 6ms)[22m
[2m[WebServer] [22m GET /api/test-fpl-stub/entry/1007/event/1/picks [32m200[39m in 16ms[2m (compile: 4ms, proxy.ts: 5ms, render: 7ms)[22m
[2m[WebServer] [22m GET /api/test-fpl-stub/entry/1012/event/1/picks [32m200[39m in 13ms[2m (compile: 4ms, proxy.ts: 4ms, render: 6ms)[22m
[2m[WebServer] [22m GET /api/test-fpl-stub/entry/1013/event/1/picks [32m200[39m in 26ms[2m (compile: 14ms, proxy.ts: 5ms, render: 7ms)[22m
[2m[WebServer] [22m GET /api/test-fpl-stub/fixtures [32m200[39m in 23ms[2m (compile: 5ms, proxy.ts: 5ms, render: 13ms)[22m
[2m[WebServer] [22m GET /api/test-fpl-stub/fixtures [32m200[39m in 23ms[2m (compile: 5ms, proxy.ts: 5ms, render: 13ms)[22m
[2m[WebServer] [22m GET /api/test-fpl-stub/bootstrap-static [32m200[39m in 25ms[2m (compile: 7ms, proxy.ts: 6ms, render: 12ms)[22m
[2m[WebServer] [22m GET /api/test-fpl-stub/bootstrap-static [32m200[39m in 25ms[2m (compile: 7ms, proxy.ts: 6ms, render: 11ms)[22m
[2m[WebServer] [22m GET /api/test-fpl-stub/entry/1008/event/1/picks [32m200[39m in 15ms[2m (compile: 4ms, proxy.ts: 5ms, render: 6ms)[22m
[2m[WebServer] [22m GET /api/test-fpl-stub/entry/1009/event/1/picks [32m200[39m in 14ms[2m (compile: 4ms, proxy.ts: 4ms, render: 6ms)[22m
[2m[WebServer] [22m GET /api/test-fpl-stub/entry/1010/event/1/picks [32m200[39m in 21ms[2m (compile: 12ms, proxy.ts: 4ms, render: 6ms)[22m
[2m[WebServer] [22m GET /api/test-fpl-stub/entry/1011/event/1/picks [32m200[39m in 15ms[2m (compile: 5ms, proxy.ts: 4ms, render: 6ms)[22m
[2m[WebServer] [22m GET /api/test-fpl-stub/fixtures [32m200[39m in 27ms[2m (compile: 5ms, proxy.ts: 5ms, render: 17ms)[22m
[2m[WebServer] [22m GET /api/test-fpl-stub/fixtures [32m200[39m in 27ms[2m (compile: 5ms, proxy.ts: 5ms, render: 17ms)[22m
[2m[WebServer] [22m GET /api/test-fpl-stub/bootstrap-static [32m200[39m in 40ms[2m (compile: 10ms, proxy.ts: 9ms, render: 21ms)[22m
[2m[WebServer] [22m GET /api/test-fpl-stub/bootstrap-static [32m200[39m in 40ms[2m (compile: 10ms, proxy.ts: 9ms, render: 21ms)[22m
[2m[WebServer] [22m[fpl] live gw1 lane=background calls=33/80 rejected=0
[2m[WebServer] [22m GET /api/fixtures/live?gameweek=1&leagueSlug=t8-4xj2evrv [32m200[39m in 3.6s[2m (compile: 476ms, proxy.ts: 4ms, render: 3.1s)[22m
  ok 33 [chromium] › tests\league-types\live-scores.spec.ts:51:7 › live scores (TVT) › live endpoint reports the gameweek as live and scores every fixture (3.6s)
[2m[WebServer] [22m GET /api/test-fpl-stub/event/1/live [32m200[39m in 14ms[2m (compile: 4ms, proxy.ts: 4ms, render: 6ms)[22m
[2m[WebServer] [22m GET /api/test-fpl-stub/entry/1002/event/1/picks [32m200[39m in 20ms[2m (compile: 10ms, proxy.ts: 4ms, render: 7ms)[22m
[2m[WebServer] [22m GET /api/test-fpl-stub/entry/1003/event/1/picks [32m200[39m in 14ms[2m (compile: 3ms, proxy.ts: 4ms, render: 6ms)[22m
[2m[WebServer] [22m GET /api/test-fpl-stub/entry/1016/event/1/picks [32m200[39m in 13ms[2m (compile: 4ms, proxy.ts: 4ms, render: 5ms)[22m
[2m[WebServer] [22m GET /api/test-fpl-stub/entry/1017/event/1/picks [32m200[39m in 12ms[2m (compile: 3ms, proxy.ts: 4ms, render: 5ms)[22m
[2m[WebServer] [22m GET /api/test-fpl-stub/fixtures [32m200[39m in 24ms[2m (compile: 6ms, proxy.ts: 6ms, render: 12ms)[22m
[2m[WebServer] [22m GET /api/test-fpl-stub/fixtures [32m200[39m in 24ms[2m (compile: 6ms, proxy.ts: 6ms, render: 12ms)[22m
[2m[WebServer] [22m GET /api/test-fpl-stub/bootstrap-static [32m200[39m in 30ms[2m (compile: 12ms, proxy.ts: 5ms, render: 13ms)[22m
[2m[WebServer] [22m GET /api/test-fpl-stub/bootstrap-static [32m200[39m in 30ms[2m (compile: 12ms, proxy.ts: 5ms, render: 13ms)[22m
[2m[WebServer] [22m GET /api/test-fpl-stub/entry/1004/event/1/picks [32m200[39m in 17ms[2m (compile: 5ms, proxy.ts: 6ms, render: 6ms)[22m
[2m[WebServer] [22m GET /api/test-fpl-stub/entry/1005/event/1/picks [32m200[39m in 13ms[2m (compile: 4ms, proxy.ts: 4ms, render: 5ms)[22m
[2m[WebServer] [22m GET /api/test-fpl-stub/entry/1014/event/1/picks [32m200[39m in 16ms[2m (compile: 5ms, proxy.ts: 5ms, render: 6ms)[22m
[2m[WebServer] [22m GET /api/test-fpl-stub/entry/1015/event/1/picks [32m200[39m in 13ms[2m (compile: 4ms, proxy.ts: 4ms, render: 6ms)[22m
[2m[WebServer] [22m GET /api/test-fpl-stub/fixtures [32m200[39m in 30ms[2m (compile: 12ms, proxy.ts: 5ms, render: 13ms)[22m
[2m[WebServer] [22m GET /api/test-fpl-stub/fixtures [32m200[39m in 30ms[2m (compile: 12ms, proxy.ts: 5ms, render: 13ms)[22m
[2m[WebServer] [22m GET /api/test-fpl-stub/bootstrap-static [32m200[39m in 22ms[2m (compile: 5ms, proxy.ts: 5ms, render: 12ms)[22m
[2m[WebServer] [22m GET /api/test-fpl-stub/bootstrap-static [32m200[39m in 22ms[2m (compile: 5ms, proxy.ts: 5ms, render: 12ms)[22m
[2m[WebServer] [22m GET /api/test-fpl-stub/entry/1006/event/1/picks [32m200[39m in 14ms[2m (compile: 3ms, proxy.ts: 4ms, render: 7ms)[22m
[2m[WebServer] [22m GET /api/test-fpl-stub/entry/1007/event/1/picks [32m200[39m in 13ms[2m (compile: 3ms, proxy.ts: 4ms, render: 6ms)[22m
[2m[WebServer] [22m GET /api/test-fpl-stub/entry/1012/event/1/picks [32m200[39m in 14ms[2m (compile: 3ms, proxy.ts: 4ms, render: 7ms)[22m
[2m[WebServer] [22m GET /api/test-fpl-stub/entry/1013/event/1/picks [32m200[39m in 21ms[2m (compile: 10ms, proxy.ts: 3ms, render: 7ms)[22m
[2m[WebServer] [22m GET /api/test-fpl-stub/fixtures [32m200[39m in 29ms[2m (compile: 8ms, proxy.ts: 6ms, render: 15ms)[22m
[2m[WebServer] [22m GET /api/test-fpl-stub/fixtures [32m200[39m in 29ms[2m (compile: 9ms, proxy.ts: 6ms, render: 15ms)[22m
[2m[WebServer] [22m GET /api/test-fpl-stub/bootstrap-static [32m200[39m in 25ms[2m (compile: 6ms, proxy.ts: 7ms, render: 13ms)[22m
[2m[WebServer] [22m GET /api/test-fpl-stub/bootstrap-static [32m200[39m in 25ms[2m (compile: 6ms, proxy.ts: 7ms, render: 13ms)[22m
[2m[WebServer] [22m GET /api/test-fpl-stub/entry/1008/event/1/picks [32m200[39m in 14ms[2m (compile: 3ms, proxy.ts: 5ms, render: 6ms)[22m
[2m[WebServer] [22m GET /api/test-fpl-stub/entry/1009/event/1/picks [32m200[39m in 13ms[2m (compile: 4ms, proxy.ts: 4ms, render: 5ms)[22m
[2m[WebServer] [22m GET /api/test-fpl-stub/entry/1010/event/1/picks [32m200[39m in 22ms[2m (compile: 12ms, proxy.ts: 3ms, render: 7ms)[22m
[2m[WebServer] [22m GET /api/test-fpl-stub/entry/1011/event/1/picks [32m200[39m in 14ms[2m (compile: 4ms, proxy.ts: 4ms, render: 6ms)[22m
[2m[WebServer] [22m GET /api/test-fpl-stub/fixtures [32m200[39m in 25ms[2m (compile: 7ms, proxy.ts: 6ms, render: 12ms)[22m
[2m[WebServer] [22m GET /api/test-fpl-stub/fixtures [32m200[39m in 25ms[2m (compile: 7ms, proxy.ts: 6ms, render: 12ms)[22m
[2m[WebServer] [22m GET /api/test-fpl-stub/bootstrap-static [32m200[39m in 21ms[2m (compile: 5ms, proxy.ts: 5ms, render: 11ms)[22m
[2m[WebServer] [22m GET /api/test-fpl-stub/bootstrap-static [32m200[39m in 21ms[2m (compile: 6ms, proxy.ts: 5ms, render: 11ms)[22m
[2m[WebServer] [22m[fpl] live gw1 lane=background calls=33/80 rejected=0
[2m[WebServer] [22m GET /api/fixtures/live?gameweek=1&leagueSlug=t8-4xj2evrv [32m200[39m in 3.1s[2m (compile: 2ms, proxy.ts: 6ms, render: 3.1s)[22m
  ok 34 [chromium] › tests\league-types\live-scores.spec.ts:69:7 › live scores (TVT) › players-left rides along in the live payload and is non-zero mid-gameweek (3.1s)
[2m[WebServer] [22m GET /api/test-fpl-stub/event/1/live [32m200[39m in 1242ms[2m (compile: 1221ms, proxy.ts: 9ms, render: 12ms)[22m
[2m[WebServer] [22m GET /api/test-fpl-stub/entry/1002/event/1/picks [32m200[39m in 27ms[2m (compile: 7ms, proxy.ts: 7ms, render: 13ms)[22m
[2m[WebServer] [22m GET /api/test-fpl-stub/event/1/live [32m200[39m in 28ms[2m (compile: 7ms, proxy.ts: 7ms, render: 14ms)[22m
[2m[WebServer] [22m GET /api/test-fpl-stub/entry/1002/event/1/picks [32m200[39m in 26ms[2m (compile: 7ms, proxy.ts: 6ms, render: 13ms)[22m
[2m[WebServer] [22m GET /api/test-fpl-stub/entry/1003/event/1/picks [32m200[39m in 26ms[2m (compile: 7ms, proxy.ts: 6ms, render: 13ms)[22m
[2m[WebServer] [22m GET /api/test-fpl-stub/entry/1003/event/1/picks [32m200[39m in 25ms[2m (compile: 8ms, proxy.ts: 6ms, render: 11ms)[22m
[2m[WebServer] [22m GET /api/test-fpl-stub/entry/1016/event/1/picks [32m200[39m in 25ms[2m (compile: 8ms, proxy.ts: 6ms, render: 11ms)[22m
[2m[WebServer] [22m GET /api/test-fpl-stub/entry/1016/event/1/picks [32m200[39m in 28ms[2m (compile: 8ms, proxy.ts: 7ms, render: 13ms)[22m
[2m[WebServer] [22m GET /api/test-fpl-stub/entry/1017/event/1/picks [32m200[39m in 28ms[2m (compile: 8ms, proxy.ts: 7ms, render: 13ms)[22m
[2m[WebServer] [22m GET /api/test-fpl-stub/entry/1017/event/1/picks [32m200[39m in 42ms[2m (compile: 16ms, proxy.ts: 7ms, render: 19ms)[22m
[2m[WebServer] [22m GET /api/test-fpl-stub/fixtures [32m200[39m in 43ms[2m (compile: 16ms, proxy.ts: 7ms, render: 20ms)[22m
[2m[WebServer] [22m GET /api/test-fpl-stub/fixtures [32m200[39m in 43ms[2m (compile: 16ms, proxy.ts: 7ms, render: 20ms)[22m
[2m[WebServer] [22m GET /api/test-fpl-stub/fixtures [32m200[39m in 42ms[2m (compile: 10ms, proxy.ts: 8ms, render: 24ms)[22m
[2m[WebServer] [22m GET /api/test-fpl-stub/bootstrap-static [32m200[39m in 42ms[2m (compile: 10ms, proxy.ts: 8ms, render: 24ms)[22m
[2m[WebServer] [22m GET /api/test-fpl-stub/fixtures [32m200[39m in 42ms[2m (compile: 10ms, proxy.ts: 8ms, render: 24ms)[22m
[2m[WebServer] [22m GET /api/test-fpl-stub/bootstrap-static [32m200[39m in 42ms[2m (compile: 10ms, proxy.ts: 8ms, render: 24ms)[22m
[2m[WebServer] [22m GET /api/test-fpl-stub/entry/1004/event/1/picks [32m200[39m in 212ms[2m (compile: 24ms, proxy.ts: 14ms, render: 174ms)[22m
[2m[WebServer] [22m GET /api/test-fpl-stub/bootstrap-static [32m200[39m in 213ms[2m (compile: 24ms, proxy.ts: 14ms, render: 175ms)[22m
[2m[WebServer] [22m GET /api/test-fpl-stub/bootstrap-static [32m200[39m in 213ms[2m (compile: 24ms, proxy.ts: 14ms, render: 175ms)[22m
[2m[WebServer] [22m GET /api/test-fpl-stub/entry/1004/event/1/picks [32m200[39m in 44ms[2m (compile: 8ms, proxy.ts: 27ms, render: 9ms)[22m
[2m[WebServer] [22m GET /api/test-fpl-stub/entry/1005/event/1/picks [32m200[39m in 44ms[2m (compile: 8ms, proxy.ts: 27ms, render: 9ms)[22m
[2m[WebServer] [22m GET /api/test-fpl-stub/entry/1005/event/1/picks [32m200[39m in 28ms[2m (compile: 13ms, proxy.ts: 5ms, render: 10ms)[22m
[2m[WebServer] [22m GET /api/test-fpl-stub/entry/1014/event/1/picks [32m200[39m in 28ms[2m (compile: 13ms, proxy.ts: 5ms, render: 10ms)[22m
[2m[WebServer] [22m GET /api/test-fpl-stub/entry/1014/event/1/picks [32m200[39m in 23ms[2m (compile: 6ms, proxy.ts: 6ms, render: 11ms)[22m
[2m[WebServer] [22m GET /api/test-fpl-stub/entry/1015/event/1/picks [32m200[39m in 23ms[2m (compile: 6ms, proxy.ts: 6ms, render: 11ms)[22m
[2m[WebServer] [22m GET /api/test-fpl-stub/entry/1015/event/1/picks [32m200[39m in 34ms[2m (compile: 9ms, proxy.ts: 8ms, render: 17ms)[22m
[2m[WebServer] [22m GET /api/test-fpl-stub/fixtures [32m200[39m in 35ms[2m (compile: 9ms, proxy.ts: 8ms, render: 18ms)[22m
[2m[WebServer] [22m GET /api/test-fpl-stub/fixtures [32m200[39m in 35ms[2m (compile: 9ms, proxy.ts: 8ms, render: 17ms)[22m
[2m[WebServer] [22m GET /api/test-fpl-stub/fixtures [32m200[39m in 48ms[2m (compile: 10ms, proxy.ts: 8ms, render: 29ms)[22m
[2m[WebServer] [22m GET /api/test-fpl-stub/fixtures [32m200[39m in 48ms[2m (compile: 10ms, proxy.ts: 8ms, render: 29ms)[22m
[2m[WebServer] [22m GET /api/test-fpl-stub/bootstrap-static [32m200[39m in 48ms[2m (compile: 10ms, proxy.ts: 8ms, render: 29ms)[22m
[2m[WebServer] [22m GET /api/test-fpl-stub/bootstrap-static [32m200[39m in 48ms[2m (compile: 10ms, proxy.ts: 8ms, render: 29ms)[22m
[2m[WebServer] [22m GET /api/test-fpl-stub/entry/1006/event/1/picks [32m200[39m in 29ms[2m (compile: 7ms, proxy.ts: 6ms, render: 16ms)[22m
[2m[WebServer] [22m GET /api/test-fpl-stub/bootstrap-static [32m200[39m in 30ms[2m (compile: 7ms, proxy.ts: 6ms, render: 17ms)[22m
[2m[WebServer] [22m GET /api/test-fpl-stub/bootstrap-static [32m200[39m in 30ms[2m (compile: 7ms, proxy.ts: 6ms, render: 17ms)[22m
[2m[WebServer] [22m GET /api/test-fpl-stub/entry/1006/event/1/picks [32m200[39m in 27ms[2m (compile: 12ms, proxy.ts: 4ms, render: 11ms)[22m
[2m[WebServer] [22m GET /api/test-fpl-stub/entry/1007/event/1/picks [32m200[39m in 27ms[2m (compile: 12ms, proxy.ts: 4ms, render: 11ms)[22m
[2m[WebServer] [22m GET /api/test-fpl-stub/entry/1007/event/1/picks [32m200[39m in 23ms[2m (compile: 7ms, proxy.ts: 5ms, render: 11ms)[22m
[2m[WebServer] [22m GET /api/test-fpl-stub/entry/1012/event/1/picks [32m200[39m in 23ms[2m (compile: 7ms, proxy.ts: 5ms, render: 11ms)[22m
[2m[WebServer] [22m GET /api/test-fpl-stub/entry/1012/event/1/picks [32m200[39m in 24ms[2m (compile: 8ms, proxy.ts: 5ms, render: 11ms)[22m
[2m[WebServer] [22m GET /api/test-fpl-stub/entry/1013/event/1/picks [32m200[39m in 25ms[2m (compile: 8ms, proxy.ts: 5ms, render: 11ms)[22m
[2m[WebServer] [22m GET /api/test-fpl-stub/entry/1013/event/1/picks [32m200[39m in 30ms[2m (compile: 8ms, proxy.ts: 6ms, render: 17ms)[22m
[2m[WebServer] [22m GET /api/test-fpl-stub/fixtures [32m200[39m in 30ms[2m (compile: 8ms, proxy.ts: 6ms, render: 17ms)[22m
[2m[WebServer] [22m GET /api/test-fpl-stub/fixtures [32m200[39m in 30ms[2m (compile: 8ms, proxy.ts: 6ms, render: 17ms)[22m
[2m[WebServer] [22m GET /api/test-fpl-stub/fixtures [32m200[39m in 37ms[2m (compile: 9ms, proxy.ts: 7ms, render: 22ms)[22m
[2m[WebServer] [22m GET /api/test-fpl-stub/fixtures [32m200[39m in 38ms[2m (compile: 9ms, proxy.ts: 7ms, render: 22ms)[22m
[2m[WebServer] [22m GET /api/test-fpl-stub/bootstrap-static [32m200[39m in 38ms[2m (compile: 9ms, proxy.ts: 7ms, render: 22ms)[22m
[2m[WebServer] [22m GET /api/test-fpl-stub/bootstrap-static [32m200[39m in 38ms[2m (compile: 9ms, proxy.ts: 7ms, render: 22ms)[22m
[2m[WebServer] [22m GET /api/test-fpl-stub/entry/1008/event/1/picks [32m200[39m in 37ms[2m (compile: 15ms, proxy.ts: 6ms, render: 17ms)[22m
[2m[WebServer] [22m GET /api/test-fpl-stub/bootstrap-static [32m200[39m in 38ms[2m (compile: 15ms, proxy.ts: 6ms, render: 17ms)[22m
[2m[WebServer] [22m GET /api/test-fpl-stub/bootstrap-static [32m200[39m in 38ms[2m (compile: 15ms, proxy.ts: 6ms, render: 17ms)[22m
[2m[WebServer] [22m GET /api/test-fpl-stub/entry/1008/event/1/picks [32m200[39m in 23ms[2m (compile: 7ms, proxy.ts: 5ms, render: 11ms)[22m
[2m[WebServer] [22m GET /api/test-fpl-stub/entry/1009/event/1/picks [32m200[39m in 23ms[2m (compile: 7ms, proxy.ts: 5ms, render: 11ms)[22m
[2m[WebServer] [22m GET /api/test-fpl-stub/entry/1009/event/1/picks [32m200[39m in 21ms[2m (compile: 6ms, proxy.ts: 5ms, render: 11ms)[22m
[2m[WebServer] [22m GET /api/test-fpl-stub/entry/1010/event/1/picks [32m200[39m in 21ms[2m (compile: 6ms, proxy.ts: 5ms, render: 11ms)[22m
[2m[WebServer] [22m GET /api/test-fpl-stub/entry/1010/event/1/picks [32m200[39m in 22ms[2m (compile: 7ms, proxy.ts: 5ms, render: 10ms)[22m
[2m[WebServer] [22m GET /api/test-fpl-stub/entry/1011/event/1/picks [32m200[39m in 22ms[2m (compile: 7ms, proxy.ts: 5ms, render: 10ms)[22m
[2m[WebServer] [22m GET /api/test-fpl-stub/entry/1011/event/1/picks [32m200[39m in 34ms[2m (compile: 8ms, proxy.ts: 5ms, render: 21ms)[22m
[2m[WebServer] [22m GET /api/test-fpl-stub/fixtures [32m200[39m in 35ms[2m (compile: 8ms, proxy.ts: 5ms, render: 22ms)[22m
[2m[WebServer] [22m GET /api/test-fpl-stub/fixtures [32m200[39m in 35ms[2m (compile: 8ms, proxy.ts: 5ms, render: 22ms)[22m
[2m[WebServer] [22m GET /api/test-fpl-stub/fixtures [32m200[39m in 49ms[2m (compile: 16ms, proxy.ts: 8ms, render: 25ms)[22m
[2m[WebServer] [22m GET /api/test-fpl-stub/fixtures [32m200[39m in 49ms[2m (compile: 16ms, proxy.ts: 8ms, render: 25ms)[22m
[2m[WebServer] [22m GET /api/test-fpl-stub/bootstrap-static [32m200[39m in 49ms[2m (compile: 16ms, proxy.ts: 8ms, render: 25ms)[22m
[2m[WebServer] [22m GET /api/test-fpl-stub/bootstrap-static [32m200[39m in 49ms[2m (compile: 16ms, proxy.ts: 8ms, render: 25ms)[22m
[2m[WebServer] [22m[fpl] live gw1 lane=background calls=33/80 rejected=0
[2m[WebServer] [22m GET /api/fixtures/live?gameweek=1&leagueSlug=t8-4xj2evrv [32m200[39m in 4.5s[2m (compile: 17ms, proxy.ts: 5ms, render: 4.5s)[22m
[2m[WebServer] [22m GET /api/test-fpl-stub/bootstrap-static [32m200[39m in 20ms[2m (compile: 5ms, proxy.ts: 5ms, render: 10ms)[22m
[2m[WebServer] [22m GET /api/test-fpl-stub/bootstrap-static [32m200[39m in 20ms[2m (compile: 5ms, proxy.ts: 5ms, render: 10ms)[22m
[2m[WebServer] [22m[fpl] refresh gw1 lane=background calls=33/80 rejected=0
[2m[WebServer] [22m GET /api/fixtures/live/refresh?gameweek=1&leagueSlug=t8-4xj2evrv [32m200[39m in 4.6s[2m (compile: 1328ms, proxy.ts: 5ms, render: 3.3s)[22m
  ok 35 [chromium] › tests\league-types\live-scores.spec.ts:85:7 › live scores (TVT) › refresh and live agree on every score (one shared scorer) (4.6s)
[2m[WebServer] [22m GET /api/fixtures/live/refresh?gameweek=1 [33m400[39m in 11ms[2m (compile: 1948µs, proxy.ts: 5ms, render: 5ms)[22m
  ok 36 [chromium] › tests\league-types\live-scores.spec.ts:118:7 › live scores (TVT) › refresh refuses to run without a leagueSlug (17ms)
[2m[WebServer] [22m GET /api/fixtures/live?gameweek=2&leagueSlug=t8-4xj2evrv [32m200[39m in 19ms[2m (compile: 8ms, proxy.ts: 4ms, render: 6ms)[22m
[2m[WebServer] [22m POST /api/test-fpl-stub/control [32m200[39m in 15ms[2m (compile: 4ms, proxy.ts: 5ms, render: 6ms)[22m
  ok 37 [chromium] › tests\league-types\live-scores.spec.ts:127:7 › live scores (TVT) › a not-yet-started gameweek is not live (26ms)
[2m[WebServer] [22m POST /api/auth/signin [32m200[39m in 96ms[2m (compile: 7ms, proxy.ts: 5ms, render: 83ms)[22m
[2m[WebServer] [22m POST /api/superadmin/leagues [32m200[39m in 690ms[2m (compile: 11ms, proxy.ts: 5ms, render: 673ms)[22m
[2m[WebServer] [22m POST /api/auth/signin [32m200[39m in 80ms[2m (compile: 1280µs, proxy.ts: 4ms, render: 75ms)[22m
[2m[WebServer] [22m POST /api/auth/change-password [32m200[39m in 272ms[2m (compile: 6ms, proxy.ts: 4ms, render: 263ms)[22m
[2m[WebServer] [22m POST /api/team/setup [32m200[39m in 286ms[2m (compile: 7ms, proxy.ts: 19ms, render: 261ms)[22m
[2m[WebServer] [22m POST /api/auth/signout [32m200[39m in 14ms[2m (compile: 4ms, proxy.ts: 4ms, render: 6ms)[22m
[2m[WebServer] [22m POST /api/auth/signin [32m200[39m in 77ms[2m (compile: 1256µs, proxy.ts: 4ms, render: 72ms)[22m
[2m[WebServer] [22m POST /api/auth/change-password [32m200[39m in 253ms[2m (compile: 1318µs, proxy.ts: 4ms, render: 248ms)[22m
[2m[WebServer] [22m POST /api/team/setup [32m200[39m in 242ms[2m (compile: 1758µs, proxy.ts: 4ms, render: 236ms)[22m
[2m[WebServer] [22m POST /api/auth/signout [32m200[39m in 10ms[2m (compile: 1325µs, proxy.ts: 4ms, render: 5ms)[22m
[2m[WebServer] [22m POST /api/auth/signin [32m200[39m in 73ms[2m (compile: 1810µs, proxy.ts: 3ms, render: 68ms)[22m
[2m[WebServer] [22m POST /api/auth/change-password [32m200[39m in 247ms[2m (compile: 1232µs, proxy.ts: 4ms, render: 242ms)[22m
[2m[WebServer] [22m POST /api/team/setup [32m200[39m in 241ms[2m (compile: 1393µs, proxy.ts: 4ms, render: 236ms)[22m
[2m[WebServer] [22m POST /api/auth/signout [32m200[39m in 10ms[2m (compile: 1234µs, proxy.ts: 4ms, render: 4ms)[22m
[2m[WebServer] [22m POST /api/auth/signin [32m200[39m in 70ms[2m (compile: 1508µs, proxy.ts: 3ms, render: 65ms)[22m
[2m[WebServer] [22m POST /api/auth/change-password [32m200[39m in 266ms[2m (compile: 1257µs, proxy.ts: 4ms, render: 261ms)[22m
[2m[WebServer] [22m POST /api/team/setup [32m200[39m in 307ms[2m (compile: 1212µs, proxy.ts: 4ms, render: 302ms)[22m
[2m[WebServer] [22m POST /api/auth/signout [32m200[39m in 11ms[2m (compile: 1308µs, proxy.ts: 4ms, render: 6ms)[22m
[2m[WebServer] [22m POST /api/auth/signin [32m200[39m in 74ms[2m (compile: 1579µs, proxy.ts: 4ms, render: 69ms)[22m
[2m[WebServer] [22m POST /api/auth/change-password [32m200[39m in 266ms[2m (compile: 1566µs, proxy.ts: 4ms, render: 261ms)[22m
[2m[WebServer] [22m POST /api/team/setup [32m200[39m in 286ms[2m (compile: 1273µs, proxy.ts: 4ms, render: 280ms)[22m
[2m[WebServer] [22m POST /api/auth/signout [32m200[39m in 10ms[2m (compile: 1215µs, proxy.ts: 4ms, render: 5ms)[22m
[2m[WebServer] [22m POST /api/auth/signin [32m200[39m in 72ms[2m (compile: 1247µs, proxy.ts: 4ms, render: 67ms)[22m
[2m[WebServer] [22m POST /api/auth/change-password [32m200[39m in 271ms[2m (compile: 2ms, proxy.ts: 5ms, render: 263ms)[22m
[2m[WebServer] [22m POST /api/team/setup [32m200[39m in 297ms[2m (compile: 1257µs, proxy.ts: 4ms, render: 292ms)[22m
[2m[WebServer] [22m POST /api/auth/signout [32m200[39m in 10ms[2m (compile: 1233µs, proxy.ts: 4ms, render: 5ms)[22m
[2m[WebServer] [22m POST /api/auth/signin [32m200[39m in 68ms[2m (compile: 1205µs, proxy.ts: 3ms, render: 64ms)[22m
[2m[WebServer] [22m POST /api/auth/change-password [32m200[39m in 275ms[2m (compile: 1233µs, proxy.ts: 4ms, render: 270ms)[22m
[2m[WebServer] [22m POST /api/team/setup [32m200[39m in 683ms[2m (compile: 1257µs, proxy.ts: 4ms, render: 678ms)[22m
[2m[WebServer] [22m POST /api/auth/signout [32m200[39m in 10ms[2m (compile: 1388µs, proxy.ts: 4ms, render: 5ms)[22m
[2m[WebServer] [22m POST /api/auth/signin [32m200[39m in 71ms[2m (compile: 1234µs, proxy.ts: 4ms, render: 66ms)[22m
[2m[WebServer] [22m POST /api/auth/change-password [32m200[39m in 250ms[2m (compile: 1326µs, proxy.ts: 4ms, render: 245ms)[22m
[2m[WebServer] [22m POST /api/team/setup [32m200[39m in 274ms[2m (compile: 1382µs, proxy.ts: 5ms, render: 269ms)[22m
[2m[WebServer] [22m POST /api/auth/signout [32m200[39m in 11ms[2m (compile: 1292µs, proxy.ts: 4ms, render: 6ms)[22m
[2m[WebServer] [22m POST /api/auth/signin [32m200[39m in 70ms[2m (compile: 1679µs, proxy.ts: 4ms, render: 65ms)[22m
[2m[WebServer] [22m POST /api/admin/t8-4xk3vt0k/generate-fixtures [32m200[39m in 19.2s[2m (compile: 14ms, proxy.ts: 5ms, render: 19.2s)[22m
[2m[WebServer] [22m POST /api/auth/signout [32m200[39m in 13ms[2m (compile: 1938µs, proxy.ts: 6ms, render: 5ms)[22m
  ok 38 [chromium] › tests\league-types\pl-fixture-card.spec.ts:45:7 › dashboard PL fixture card (TVT) › requires a team session (13ms)
[2m[WebServer] [22m POST /api/test-fpl-stub/control [32m200[39m in 21ms[2m (compile: 10ms, proxy.ts: 4ms, render: 7ms)[22m
[2m[WebServer] [22m POST /api/auth/signin [32m200[39m in 77ms[2m (compile: 3ms, proxy.ts: 4ms, render: 70ms)[22m
[2m[WebServer] [22m GET /api/test-fpl-stub/bootstrap-static [32m200[39m in 39ms[2m (compile: 21ms, proxy.ts: 9ms, render: 10ms)[22m
[2m[WebServer] [22m GET /api/test-fpl-stub/entry/1002/history [32m200[39m in 29ms[2m (compile: 6ms, proxy.ts: 6ms, render: 16ms)[22m
[2m[WebServer] [22m GET /api/test-fpl-stub/entry/1003/history [32m200[39m in 29ms[2m (compile: 6ms, proxy.ts: 6ms, render: 16ms)[22m
[2m[WebServer] [22m GET /api/test-fpl-stub/entry/1016/history [32m200[39m in 23ms[2m (compile: 8ms, proxy.ts: 5ms, render: 10ms)[22m
[2m[WebServer] [22m GET /api/test-fpl-stub/entry/1017/history [32m200[39m in 23ms[2m (compile: 8ms, proxy.ts: 5ms, render: 10ms)[22m
[2m[WebServer] [22m[fpl] pl-fixture chips lane=background calls=4/4 rejected=0
[2m[WebServer] [22m GET /api/team/dashboard/pl-fixture [32m200[39m in 1446ms[2m (compile: 1116ms, proxy.ts: 4ms, render: 326ms)[22m
[2m[WebServer] [22m POST /api/auth/signout [32m200[39m in 18ms[2m (compile: 7ms, proxy.ts: 5ms, render: 6ms)[22m
  ok 39 [chromium] › tests\league-types\pl-fixture-card.spec.ts:50:7 › dashboard PL fixture card (TVT) › defaults to the upcoming gameweek before anything has started (1.6s)
[2m[WebServer] [22m POST /api/test-fpl-stub/control [32m200[39m in 15ms[2m (compile: 5ms, proxy.ts: 5ms, render: 5ms)[22m
[2m[WebServer] [22m POST /api/auth/signin [32m200[39m in 90ms[2m (compile: 5ms, proxy.ts: 5ms, render: 79ms)[22m
[2m[WebServer] [22m GET /api/test-fpl-stub/bootstrap-static [32m200[39m in 23ms[2m (compile: 12ms, proxy.ts: 4ms, render: 7ms)[22m
[2m[WebServer] [22m GET /api/test-fpl-stub/event/1/live [32m200[39m in 14ms[2m (compile: 4ms, proxy.ts: 4ms, render: 6ms)[22m
[2m[WebServer] [22m GET /api/test-fpl-stub/entry/1002/event/1/picks [32m200[39m in 12ms[2m (compile: 3ms, proxy.ts: 4ms, render: 5ms)[22m
[2m[WebServer] [22m GET /api/test-fpl-stub/entry/1003/event/1/picks [32m200[39m in 12ms[2m (compile: 4ms, proxy.ts: 3ms, render: 5ms)[22m
[2m[WebServer] [22m GET /api/test-fpl-stub/entry/1016/event/1/picks [32m200[39m in 17ms[2m (compile: 4ms, proxy.ts: 7ms, render: 6ms)[22m
[2m[WebServer] [22m GET /api/test-fpl-stub/entry/1017/event/1/picks [32m200[39m in 20ms[2m (compile: 10ms, proxy.ts: 3ms, render: 6ms)[22m
[2m[WebServer] [22m GET /api/test-fpl-stub/fixtures [32m200[39m in 23ms[2m (compile: 6ms, proxy.ts: 6ms, render: 12ms)[22m
[2m[WebServer] [22m GET /api/test-fpl-stub/fixtures [32m200[39m in 23ms[2m (compile: 6ms, proxy.ts: 6ms, render: 12ms)[22m
[2m[WebServer] [22m GET /api/test-fpl-stub/bootstrap-static [32m200[39m in 13ms[2m (compile: 3ms, proxy.ts: 4ms, render: 6ms)[22m
[2m[WebServer] [22m[fpl] pl-fixture gw1 lane=background calls=8/8 rejected=1
[2m[WebServer] [22m GET /api/test-fpl-stub/entry/1002/history [32m200[39m in 21ms[2m (compile: 5ms, proxy.ts: 5ms, render: 10ms)[22m
[2m[WebServer] [22m GET /api/test-fpl-stub/entry/1003/history [32m200[39m in 21ms[2m (compile: 5ms, proxy.ts: 5ms, render: 10ms)[22m
[2m[WebServer] [22m GET /api/test-fpl-stub/entry/1017/history [32m200[39m in 19ms[2m (compile: 5ms, proxy.ts: 5ms, render: 9ms)[22m
[2m[WebServer] [22m GET /api/test-fpl-stub/entry/1016/history [32m200[39m in 19ms[2m (compile: 5ms, proxy.ts: 5ms, render: 9ms)[22m
[2m[WebServer] [22m[fpl] pl-fixture chips lane=background calls=4/4 rejected=0
[2m[WebServer] [22m GET /api/team/dashboard/pl-fixture [32m200[39m in 1159ms[2m (compile: 1505µs, proxy.ts: 4ms, render: 1153ms)[22m
[2m[WebServer] [22m POST /api/auth/signout [32m200[39m in 10ms[2m (compile: 1505µs, proxy.ts: 4ms, render: 5ms)[22m
  ok 40 [chromium] › tests\league-types\pl-fixture-card.spec.ts:62:7 › dashboard PL fixture card (TVT) › switches to the live gameweek once it is in flight (1.8s)
[2m[WebServer] [22m POST /api/test-fpl-stub/control [32m200[39m in 21ms[2m (compile: 10ms, proxy.ts: 4ms, render: 7ms)[22m
[2m[WebServer] [22m POST /api/auth/signin [32m200[39m in 80ms[2m (compile: 2ms, proxy.ts: 5ms, render: 73ms)[22m
[2m[WebServer] [22m GET /api/test-fpl-stub/bootstrap-static [32m200[39m in 12ms[2m (compile: 3ms, proxy.ts: 4ms, render: 5ms)[22m
[2m[WebServer] [22m GET /api/test-fpl-stub/entry/1006/history [32m200[39m in 22ms[2m (compile: 6ms, proxy.ts: 7ms, render: 10ms)[22m
[2m[WebServer] [22m GET /api/test-fpl-stub/entry/1007/history [32m200[39m in 22ms[2m (compile: 6ms, proxy.ts: 7ms, render: 10ms)[22m
[2m[WebServer] [22m GET /api/test-fpl-stub/entry/1002/history [32m200[39m in 21ms[2m (compile: 5ms, proxy.ts: 5ms, render: 11ms)[22m
[2m[WebServer] [22m GET /api/test-fpl-stub/entry/1003/history [32m200[39m in 21ms[2m (compile: 5ms, proxy.ts: 5ms, render: 11ms)[22m
[2m[WebServer] [22m[fpl] pl-fixture chips lane=background calls=4/4 rejected=0
[2m[WebServer] [22m GET /api/team/dashboard/pl-fixture?gw=2 [32m200[39m in 293ms[2m (compile: 1773µs, proxy.ts: 4ms, render: 287ms)[22m
[2m[WebServer] [22m POST /api/auth/signout [32m200[39m in 11ms[2m (compile: 1511µs, proxy.ts: 4ms, render: 5ms)[22m
  ok 41 [chromium] › tests\league-types\pl-fixture-card.spec.ts:73:7 › dashboard PL fixture card (TVT) › links point at the latest STARTED gameweek, even when viewing a later one (564ms)
[2m[WebServer] [22m POST /api/auth/signin [32m200[39m in 74ms[2m (compile: 1315µs, proxy.ts: 4ms, render: 69ms)[22m
[2m[WebServer] [22m GET /api/test-fpl-stub/bootstrap-static [32m200[39m in 21ms[2m (compile: 10ms, proxy.ts: 4ms, render: 7ms)[22m
[2m[WebServer] [22m GET /api/test-fpl-stub/entry/1006/history [32m200[39m in 20ms[2m (compile: 6ms, proxy.ts: 6ms, render: 9ms)[22m
[2m[WebServer] [22m GET /api/test-fpl-stub/entry/1007/history [32m200[39m in 21ms[2m (compile: 6ms, proxy.ts: 6ms, render: 9ms)[22m
[2m[WebServer] [22m GET /api/test-fpl-stub/entry/1002/history [32m200[39m in 20ms[2m (compile: 5ms, proxy.ts: 5ms, render: 10ms)[22m
[2m[WebServer] [22m GET /api/test-fpl-stub/entry/1003/history [32m200[39m in 20ms[2m (compile: 5ms, proxy.ts: 5ms, render: 10ms)[22m
[2m[WebServer] [22m[fpl] pl-fixture chips lane=background calls=4/4 rejected=0
[2m[WebServer] [22m GET /api/team/dashboard/pl-fixture?gw=2 [32m200[39m in 300ms[2m (compile: 1587µs, proxy.ts: 4ms, render: 294ms)[22m
[2m[WebServer] [22m POST /api/auth/signout [32m200[39m in 11ms[2m (compile: 1394µs, proxy.ts: 5ms, render: 5ms)[22m
  ok 42 [chromium] › tests\league-types\pl-fixture-card.spec.ts:93:7 › dashboard PL fixture card (TVT) › carries TVT chip state for both sides, without leaking pending declarations (398ms)
[2m[WebServer] [22m POST /api/auth/signin [32m200[39m in 85ms[2m (compile: 3ms, proxy.ts: 6ms, render: 76ms)[22m
[2m[WebServer] [22m GET /api/test-fpl-stub/bootstrap-static [32m200[39m in 14ms[2m (compile: 4ms, proxy.ts: 4ms, render: 6ms)[22m
[2m[WebServer] [22m GET /api/test-fpl-stub/entry/1011/history [32m200[39m in 29ms[2m (compile: 12ms, proxy.ts: 6ms, render: 10ms)[22m
[2m[WebServer] [22m GET /api/test-fpl-stub/entry/1010/history [32m200[39m in 29ms[2m (compile: 13ms, proxy.ts: 6ms, render: 10ms)[22m
[2m[WebServer] [22m GET /api/test-fpl-stub/entry/1002/history [32m200[39m in 19ms[2m (compile: 5ms, proxy.ts: 5ms, render: 9ms)[22m
[2m[WebServer] [22m GET /api/test-fpl-stub/entry/1003/history [32m200[39m in 19ms[2m (compile: 5ms, proxy.ts: 5ms, render: 9ms)[22m
[2m[WebServer] [22m[fpl] pl-fixture chips lane=background calls=4/4 rejected=0
[2m[WebServer] [22m GET /api/team/dashboard/pl-fixture?gw=3 [32m200[39m in 288ms[2m (compile: 1620µs, proxy.ts: 4ms, render: 282ms)[22m
[2m[WebServer] [22m POST /api/auth/signout [32m200[39m in 11ms[2m (compile: 1761µs, proxy.ts: 5ms, render: 5ms)[22m
[2m[WebServer] [22m POST /api/auth/signin [32m200[39m in 79ms[2m (compile: 1501µs, proxy.ts: 4ms, render: 73ms)[22m
[2m[WebServer] [22m GET /api/test-fpl-stub/bootstrap-static [32m200[39m in 12ms[2m (compile: 3ms, proxy.ts: 4ms, render: 5ms)[22m
[2m[WebServer] [22m GET /api/test-fpl-stub/entry/1008/history [32m200[39m in 20ms[2m (compile: 5ms, proxy.ts: 5ms, render: 10ms)[22m
[2m[WebServer] [22m GET /api/test-fpl-stub/entry/1009/history [32m200[39m in 20ms[2m (compile: 5ms, proxy.ts: 5ms, render: 10ms)[22m
[2m[WebServer] [22m GET /api/test-fpl-stub/entry/1004/history [32m200[39m in 33ms[2m (compile: 15ms, proxy.ts: 6ms, render: 11ms)[22m
[2m[WebServer] [22m GET /api/test-fpl-stub/entry/1005/history [32m200[39m in 33ms[2m (compile: 15ms, proxy.ts: 6ms, render: 11ms)[22m
[2m[WebServer] [22m[fpl] pl-fixture chips lane=background calls=4/4 rejected=0
[2m[WebServer] [22m GET /api/team/dashboard/pl-fixture?gw=3 [32m200[39m in 318ms[2m (compile: 1794µs, proxy.ts: 5ms, render: 311ms)[22m
[2m[WebServer] [22m POST /api/auth/signout [32m200[39m in 11ms[2m (compile: 1438µs, proxy.ts: 5ms, render: 5ms)[22m
[2m[WebServer] [22m POST /api/test-fpl-stub/control [32m200[39m in 16ms[2m (compile: 5ms, proxy.ts: 5ms, render: 7ms)[22m
  ok 43 [chromium] › tests\league-types\pl-fixture-card.spec.ts:109:7 › dashboard PL fixture card (TVT) › a team only ever sees its own fixture (816ms)
[2m[WebServer] [22m POST /api/auth/signin [32m200[39m in 78ms[2m (compile: 1563µs, proxy.ts: 5ms, render: 72ms)[22m
[2m[WebServer] [22m POST /api/superadmin/leagues [32m200[39m in 677ms[2m (compile: 11ms, proxy.ts: 5ms, render: 661ms)[22m
[2m[WebServer] [22m POST /api/auth/signin [32m200[39m in 74ms[2m (compile: 1400µs, proxy.ts: 4ms, render: 68ms)[22m
[2m[WebServer] [22m POST /api/auth/change-password [32m200[39m in 258ms[2m (compile: 6ms, proxy.ts: 4ms, render: 248ms)[22m
[2m[WebServer] [22m POST /api/team/setup [32m200[39m in 683ms[2m (compile: 11ms, proxy.ts: 9ms, render: 664ms)[22m
[2m[WebServer] [22m POST /api/auth/signout [32m200[39m in 10ms[2m (compile: 1665µs, proxy.ts: 4ms, render: 5ms)[22m
[2m[WebServer] [22m POST /api/auth/signin [32m200[39m in 79ms[2m (compile: 1391µs, proxy.ts: 4ms, render: 74ms)[22m
[2m[WebServer] [22m POST /api/auth/change-password [32m200[39m in 264ms[2m (compile: 1848µs, proxy.ts: 6ms, render: 256ms)[22m
[2m[WebServer] [22m POST /api/team/setup [32m200[39m in 253ms[2m (compile: 1758µs, proxy.ts: 6ms, render: 245ms)[22m
[2m[WebServer] [22m POST /api/auth/signout [32m200[39m in 9ms[2m (compile: 1371µs, proxy.ts: 4ms, render: 4ms)[22m
[2m[WebServer] [22m POST /api/auth/signin [32m200[39m in 77ms[2m (compile: 1695µs, proxy.ts: 4ms, render: 71ms)[22m
[2m[WebServer] [22m POST /api/auth/change-password [32m200[39m in 263ms[2m (compile: 1476µs, proxy.ts: 6ms, render: 256ms)[22m
[2m[WebServer] [22m POST /api/team/setup [32m200[39m in 243ms[2m (compile: 1462µs, proxy.ts: 5ms, render: 237ms)[22m
[2m[WebServer] [22m POST /api/auth/signout [32m200[39m in 10ms[2m (compile: 1348µs, proxy.ts: 4ms, render: 4ms)[22m
[2m[WebServer] [22m POST /api/auth/signin [32m200[39m in 73ms[2m (compile: 1293µs, proxy.ts: 3ms, render: 68ms)[22m
[2m[WebServer] [22m POST /api/auth/change-password [32m200[39m in 265ms[2m (compile: 1483µs, proxy.ts: 5ms, render: 259ms)[22m
[2m[WebServer] [22m POST /api/team/setup [32m200[39m in 286ms[2m (compile: 1469µs, proxy.ts: 4ms, render: 281ms)[22m
[2m[WebServer] [22m POST /api/auth/signout [32m200[39m in 10ms[2m (compile: 1403µs, proxy.ts: 4ms, render: 5ms)[22m
[2m[WebServer] [22m POST /api/auth/signin [32m200[39m in 77ms[2m (compile: 1353µs, proxy.ts: 4ms, render: 72ms)[22m
[2m[WebServer] [22m POST /api/auth/change-password [32m200[39m in 267ms[2m (compile: 1350µs, proxy.ts: 4ms, render: 262ms)[22m
[2m[WebServer] [22m POST /api/team/setup [32m200[39m in 283ms[2m (compile: 1425µs, proxy.ts: 6ms, render: 276ms)[22m
[2m[WebServer] [22m POST /api/auth/signout [32m200[39m in 13ms[2m (compile: 1886µs, proxy.ts: 5ms, render: 6ms)[22m
[2m[WebServer] [22m POST /api/auth/signin [32m200[39m in 73ms[2m (compile: 1517µs, proxy.ts: 4ms, render: 67ms)[22m
[2m[WebServer] [22m POST /api/auth/change-password [32m200[39m in 267ms[2m (compile: 1565µs, proxy.ts: 5ms, render: 261ms)[22m
[2m[WebServer] [22m POST /api/team/setup [32m200[39m in 275ms[2m (compile: 1488µs, proxy.ts: 4ms, render: 269ms)[22m
[2m[WebServer] [22m POST /api/auth/signout [32m200[39m in 10ms[2m (compile: 1429µs, proxy.ts: 4ms, render: 4ms)[22m
[2m[WebServer] [22m POST /api/auth/signin [32m200[39m in 72ms[2m (compile: 1297µs, proxy.ts: 4ms, render: 67ms)[22m
[2m[WebServer] [22m POST /api/auth/change-password [32m200[39m in 260ms[2m (compile: 1411µs, proxy.ts: 4ms, render: 255ms)[22m
[2m[WebServer] [22m POST /api/team/setup [32m200[39m in 286ms[2m (compile: 1637µs, proxy.ts: 5ms, render: 280ms)[22m
[2m[WebServer] [22m POST /api/auth/signout [32m200[39m in 9ms[2m (compile: 1418µs, proxy.ts: 4ms, render: 4ms)[22m
[2m[WebServer] [22m POST /api/auth/signin [32m200[39m in 75ms[2m (compile: 1554µs, proxy.ts: 4ms, render: 70ms)[22m
[2m[WebServer] [22m POST /api/auth/change-password [32m200[39m in 279ms[2m (compile: 1470µs, proxy.ts: 5ms, render: 273ms)[22m
[2m[WebServer] [22m POST /api/team/setup [32m200[39m in 275ms[2m (compile: 1515µs, proxy.ts: 5ms, render: 268ms)[22m
[2m[WebServer] [22m POST /api/auth/signout [32m200[39m in 10ms[2m (compile: 1579µs, proxy.ts: 4ms, render: 5ms)[22m
[2m[WebServer] [22m POST /api/auth/signin [32m200[39m in 76ms[2m (compile: 1389µs, proxy.ts: 4ms, render: 71ms)[22m
[2m[WebServer] [22m POST /api/admin/t8-4xkvwh8d/generate-fixtures [32m200[39m in 18.7s[2m (compile: 14ms, proxy.ts: 5ms, render: 18.7s)[22m
[2m[WebServer] [22m POST /api/auth/signout [32m200[39m in 15ms[2m (compile: 3ms, proxy.ts: 6ms, render: 7ms)[22m
[2m[WebServer] [22m POST /api/test-fpl-stub/control [32m200[39m in 22ms[2m (compile: 12ms, proxy.ts: 4ms, render: 6ms)[22m
[2m[WebServer] [22m POST /api/auth/signin [32m200[39m in 104ms[2m (compile: 1955µs, proxy.ts: 6ms, render: 96ms)[22m
[2m[WebServer] [22m GET /api/test-fpl-stub/bootstrap-static [32m200[39m in 28ms[2m (compile: 15ms, proxy.ts: 4ms, render: 10ms)[22m
[2m[WebServer] [22m GET /api/test-fpl-stub/bootstrap-static [32m200[39m in 22ms[2m (compile: 10ms, proxy.ts: 4ms, render: 8ms)[22m
[2m[WebServer] [22m GET /api/team/dashboard [32m200[39m in 7.1s[2m (compile: 720ms, proxy.ts: 7ms, render: 6.4s)[22m
[2m[WebServer] [22m POST /api/auth/signout [32m200[39m in 17ms[2m (compile: 4ms, proxy.ts: 5ms, render: 8ms)[22m
  ok 44 [chromium] › tests\league-types\submission-gate.spec.ts:67:7 › submission gate (TVT) › GW1 is open even though nothing has finished — nothing precedes it (7.3s)
[2m[WebServer] [22m POST /api/test-fpl-stub/control [32m200[39m in 14ms[2m (compile: 4ms, proxy.ts: 4ms, render: 6ms)[22m
[2m[WebServer] [22m POST /api/auth/signin [32m200[39m in 87ms[2m (compile: 5ms, proxy.ts: 4ms, render: 77ms)[22m
[2m[WebServer] [22m GET /api/test-fpl-stub/bootstrap-static [32m200[39m in 12ms[2m (compile: 3ms, proxy.ts: 3ms, render: 6ms)[22m
[2m[WebServer] [22m GET /api/test-fpl-stub/bootstrap-static [32m200[39m in 27ms[2m (compile: 13ms, proxy.ts: 5ms, render: 9ms)[22m
[2m[WebServer] [22m GET /api/team/dashboard [32m200[39m in 5.5s[2m (compile: 1562µs, proxy.ts: 4ms, render: 5.5s)[22m
[2m[WebServer] [22m POST /api/auth/signout [32m200[39m in 16ms[2m (compile: 3ms, proxy.ts: 6ms, render: 7ms)[22m
  ok 45 [chromium] › tests\league-types\submission-gate.spec.ts:78:7 › submission gate (TVT) › while GW1 is in flight, GW2 is gated on FPL finishing GW1 (5.6s)
[2m[WebServer] [22m POST /api/test-fpl-stub/control [32m200[39m in 19ms[2m (compile: 5ms, proxy.ts: 7ms, render: 7ms)[22m
[2m[WebServer] [22m POST /api/auth/signin [32m200[39m in 164ms[2m (compile: 2ms, proxy.ts: 6ms, render: 156ms)[22m
[2m[WebServer] [22m GET /api/test-fpl-stub/bootstrap-static [32m200[39m in 18ms[2m (compile: 6ms, proxy.ts: 4ms, render: 7ms)[22m
[2m[WebServer] [22m GET /api/test-fpl-stub/bootstrap-static [32m200[39m in 28ms[2m (compile: 14ms, proxy.ts: 4ms, render: 9ms)[22m
[2m[WebServer] [22m GET /api/team/dashboard [32m200[39m in 8.0s[2m (compile: 1995µs, proxy.ts: 6ms, render: 8.0s)[22m
[2m[WebServer] [22m GET /api/test-fpl-stub/bootstrap-static [32m200[39m in 30ms[2m (compile: 16ms, proxy.ts: 5ms, render: 9ms)[22m
[2m[WebServer] [22m POST /api/team/captain [33m400[39m in 1226ms[2m (compile: 919ms, proxy.ts: 9ms, render: 298ms)[22m
[2m[WebServer] [22m GET /api/test-fpl-stub/bootstrap-static [32m200[39m in 30ms[2m (compile: 17ms, proxy.ts: 5ms, render: 9ms)[22m
[2m[WebServer] [22m POST /api/team/chips [33m400[39m in 676ms[2m (compile: 491ms, proxy.ts: 6ms, render: 179ms)[22m
[2m[WebServer] [22m POST /api/auth/signout [32m200[39m in 15ms[2m (compile: 5ms, proxy.ts: 5ms, render: 6ms)[22m
  ok 46 [chromium] › tests\league-types\submission-gate.spec.ts:95:7 › submission gate (TVT) › captain and chip submissions are rejected server-side while gated (10.2s)
[2m[WebServer] [22m POST /api/test-fpl-stub/control [32m200[39m in 14ms[2m (compile: 4ms, proxy.ts: 5ms, render: 6ms)[22m
[2m[WebServer] [22m POST /api/auth/signin [32m200[39m in 92ms[2m (compile: 6ms, proxy.ts: 5ms, render: 81ms)[22m
[2m[WebServer] [22m GET /api/test-fpl-stub/bootstrap-static [32m200[39m in 13ms[2m (compile: 3ms, proxy.ts: 4ms, render: 6ms)[22m
[2m[WebServer] [22m GET /api/test-fpl-stub/bootstrap-static [32m200[39m in 29ms[2m (compile: 18ms, proxy.ts: 4ms, render: 7ms)[22m
[2m[WebServer] [22m GET /api/team/dashboard [32m200[39m in 6.8s[2m (compile: 15ms, proxy.ts: 4ms, render: 6.7s)[22m
[2m[WebServer] [22m POST /api/auth/signout [32m200[39m in 13ms[2m (compile: 1714µs, proxy.ts: 5ms, render: 7ms)[22m
  ok 47 [chromium] › tests\league-types\submission-gate.spec.ts:119:7 › submission gate (TVT) › chip eligibility is suppressed rather than computed off a moving table (6.9s)
[2m[WebServer] [22m POST /api/test-fpl-stub/control [32m200[39m in 14ms[2m (compile: 4ms, proxy.ts: 5ms, render: 5ms)[22m
[2m[WebServer] [22m POST /api/auth/signin [32m200[39m in 85ms[2m (compile: 2ms, proxy.ts: 4ms, render: 79ms)[22m
[2m[WebServer] [22m GET /api/test-fpl-stub/bootstrap-static [32m200[39m in 13ms[2m (compile: 3ms, proxy.ts: 4ms, render: 5ms)[22m
[2m[WebServer] [22m GET /api/test-fpl-stub/bootstrap-static [32m200[39m in 24ms[2m (compile: 12ms, proxy.ts: 5ms, render: 7ms)[22m
[2m[WebServer] [22m GET /api/team/dashboard [32m200[39m in 5.8s[2m (compile: 1647µs, proxy.ts: 4ms, render: 5.8s)[22m
[2m[WebServer] [22m GET /api/test-fpl-stub/bootstrap-static [32m200[39m in 15ms[2m (compile: 4ms, proxy.ts: 4ms, render: 7ms)[22m
[2m[WebServer] [22m GET /api/test-fpl-stub/bootstrap-static [32m200[39m in 22ms[2m (compile: 11ms, proxy.ts: 4ms, render: 7ms)[22m
[2m[WebServer] [22m GET /api/team/dashboard [32m200[39m in 6.7s[2m (compile: 2ms, proxy.ts: 4ms, render: 6.7s)[22m
[2m[WebServer] [22m GET /api/test-fpl-stub/bootstrap-static [32m200[39m in 14ms[2m (compile: 3ms, proxy.ts: 5ms, render: 6ms)[22m
[2m[WebServer] [22m POST /api/team/captain [32m200[39m in 198ms[2m (compile: 6ms, proxy.ts: 6ms, render: 186ms)[22m
[2m[WebServer] [22m POST /api/auth/signout [32m200[39m in 13ms[2m (compile: 1453µs, proxy.ts: 4ms, render: 7ms)[22m
  ok 48 [chromium] › tests\league-types\submission-gate.spec.ts:131:7 › submission gate (TVT) › once FPL marks GW1 finished, GW2 opens and accepts a submission (12.8s)
[2m[WebServer] [22m POST /api/test-fpl-stub/control [32m200[39m in 17ms[2m (compile: 4ms, proxy.ts: 6ms, render: 7ms)[22m
[2m[WebServer] [22m POST /api/auth/signin [32m200[39m in 82ms[2m (compile: 1383µs, proxy.ts: 4ms, render: 77ms)[22m
[2m[WebServer] [22m GET /api/test-fpl-stub/bootstrap-static [32m200[39m in 14ms[2m (compile: 3ms, proxy.ts: 5ms, render: 6ms)[22m
[2m[WebServer] [22m GET /api/test-fpl-stub/bootstrap-static [32m200[39m in 26ms[2m (compile: 12ms, proxy.ts: 7ms, render: 7ms)[22m
[2m[WebServer] [22m GET /api/team/dashboard [32m200[39m in 5.6s[2m (compile: 1689µs, proxy.ts: 5ms, render: 5.6s)[22m
[2m[WebServer] [22m GET /api/test-fpl-stub/bootstrap-static [32m200[39m in 14ms[2m (compile: 3ms, proxy.ts: 4ms, render: 6ms)[22m
[2m[WebServer] [22m POST /api/team/captain [33m400[39m in 239ms[2m (compile: 1970µs, proxy.ts: 5ms, render: 232ms)[22m
[2m[WebServer] [22m POST /api/auth/signout [32m200[39m in 10ms[2m (compile: 1793µs, proxy.ts: 4ms, render: 5ms)[22m
[2m[WebServer] [22m POST /api/test-fpl-stub/control [32m200[39m in 13ms[2m (compile: 4ms, proxy.ts: 4ms, render: 5ms)[22m
  ok 49 [chromium] › tests\league-types\submission-gate.spec.ts:150:7 › submission gate (TVT) › a rejected submission is recorded as a LATE_ATTEMPT audit row (5.9s)
[2m[WebServer] [22m POST /api/auth/signin [32m200[39m in 83ms[2m (compile: 1653µs, proxy.ts: 5ms, render: 76ms)[22m
[2m[WebServer] [22m POST /api/superadmin/leagues [32m200[39m in 1529ms[2m (compile: 10ms, proxy.ts: 5ms, render: 1515ms)[22m
[2m[WebServer] [22m POST /api/auth/signin [32m200[39m in 85ms[2m (compile: 1746µs, proxy.ts: 7ms, render: 77ms)[22m
[2m[WebServer] [22m POST /api/auth/change-password [32m200[39m in 300ms[2m (compile: 7ms, proxy.ts: 5ms, render: 288ms)[22m
[2m[WebServer] [22m POST /api/team/setup [32m200[39m in 252ms[2m (compile: 7ms, proxy.ts: 6ms, render: 239ms)[22m
[2m[WebServer] [22m POST /api/auth/signout [32m200[39m in 11ms[2m (compile: 1477µs, proxy.ts: 5ms, render: 5ms)[22m
[2m[WebServer] [22m POST /api/auth/signin [32m200[39m in 84ms[2m (compile: 2ms, proxy.ts: 6ms, render: 76ms)[22m
[2m[WebServer] [22m POST /api/auth/change-password [32m200[39m in 322ms[2m (compile: 1928µs, proxy.ts: 5ms, render: 315ms)[22m
[2m[WebServer] [22m POST /api/team/setup [32m200[39m in 252ms[2m (compile: 1739µs, proxy.ts: 5ms, render: 245ms)[22m
[2m[WebServer] [22m POST /api/auth/signout [32m200[39m in 10ms[2m (compile: 1445µs, proxy.ts: 4ms, render: 5ms)[22m
[2m[WebServer] [22m POST /api/auth/signin [32m200[39m in 74ms[2m (compile: 1343µs, proxy.ts: 5ms, render: 67ms)[22m
[2m[WebServer] [22m POST /api/auth/change-password [32m200[39m in 245ms[2m (compile: 1562µs, proxy.ts: 4ms, render: 240ms)[22m
[2m[WebServer] [22m POST /api/team/setup [32m200[39m in 274ms[2m (compile: 1377µs, proxy.ts: 5ms, render: 268ms)[22m
[2m[WebServer] [22m POST /api/auth/signout [32m200[39m in 11ms[2m (compile: 1688µs, proxy.ts: 4ms, render: 5ms)[22m
[2m[WebServer] [22m POST /api/auth/signin [32m200[39m in 75ms[2m (compile: 1550µs, proxy.ts: 4ms, render: 69ms)[22m
[2m[WebServer] [22m POST /api/auth/change-password [32m200[39m in 271ms[2m (compile: 1410µs, proxy.ts: 4ms, render: 265ms)[22m
[2m[WebServer] [22m POST /api/team/setup [32m200[39m in 298ms[2m (compile: 1393µs, proxy.ts: 5ms, render: 292ms)[22m
[2m[WebServer] [22m POST /api/auth/signout [32m200[39m in 12ms[2m (compile: 1527µs, proxy.ts: 4ms, render: 6ms)[22m
[2m[WebServer] [22m POST /api/auth/signin [32m200[39m in 78ms[2m (compile: 1314µs, proxy.ts: 4ms, render: 72ms)[22m
[2m[WebServer] [22m POST /api/auth/change-password [32m200[39m in 272ms[2m (compile: 1588µs, proxy.ts: 5ms, render: 266ms)[22m
[2m[WebServer] [22m POST /api/team/setup [32m200[39m in 308ms[2m (compile: 1785µs, proxy.ts: 5ms, render: 302ms)[22m
[2m[WebServer] [22m POST /api/auth/signout [32m200[39m in 11ms[2m (compile: 1343µs, proxy.ts: 4ms, render: 6ms)[22m
[2m[WebServer] [22m POST /api/auth/signin [32m200[39m in 77ms[2m (compile: 1411µs, proxy.ts: 4ms, render: 71ms)[22m
[2m[WebServer] [22m POST /api/auth/change-password [32m200[39m in 286ms[2m (compile: 1371µs, proxy.ts: 4ms, render: 280ms)[22m
[2m[WebServer] [22m POST /api/team/setup [32m200[39m in 330ms[2m (compile: 1683µs, proxy.ts: 4ms, render: 324ms)[22m
[2m[WebServer] [22m POST /api/auth/signout [32m200[39m in 12ms[2m (compile: 2ms, proxy.ts: 4ms, render: 6ms)[22m
[2m[WebServer] [22m POST /api/auth/signin [32m200[39m in 78ms[2m (compile: 1359µs, proxy.ts: 4ms, render: 73ms)[22m
[2m[WebServer] [22m POST /api/auth/change-password [32m200[39m in 571ms[2m (compile: 1712µs, proxy.ts: 4ms, render: 565ms)[22m
[2m[WebServer] [22m POST /api/team/setup [32m200[39m in 286ms[2m (compile: 1426µs, proxy.ts: 4ms, render: 280ms)[22m
[2m[WebServer] [22m POST /api/auth/signout [32m200[39m in 10ms[2m (compile: 1396µs, proxy.ts: 4ms, render: 4ms)[22m
[2m[WebServer] [22m POST /api/auth/signin [32m200[39m in 76ms[2m (compile: 1245µs, proxy.ts: 4ms, render: 71ms)[22m
[2m[WebServer] [22m POST /api/auth/change-password [32m200[39m in 288ms[2m (compile: 1431µs, proxy.ts: 4ms, render: 282ms)[22m
[2m[WebServer] [22m POST /api/team/setup [32m200[39m in 297ms[2m (compile: 1492µs, proxy.ts: 5ms, render: 291ms)[22m
[2m[WebServer] [22m POST /api/auth/signout [32m200[39m in 10ms[2m (compile: 1352µs, proxy.ts: 4ms, render: 5ms)[22m
[2m[WebServer] [22m POST /api/auth/signin [32m200[39m in 73ms[2m (compile: 1613µs, proxy.ts: 4ms, render: 68ms)[22m
[2m[WebServer] [22m POST /api/auth/change-password [32m200[39m in 257ms[2m (compile: 1508µs, proxy.ts: 4ms, render: 252ms)[22m
[2m[WebServer] [22m POST /api/team/setup [32m200[39m in 242ms[2m (compile: 1369µs, proxy.ts: 5ms, render: 235ms)[22m
[2m[WebServer] [22m POST /api/auth/signout [32m200[39m in 14ms[2m (compile: 2ms, proxy.ts: 6ms, render: 6ms)[22m
[2m[WebServer] [22m POST /api/auth/signin [32m200[39m in 81ms[2m (compile: 2ms, proxy.ts: 6ms, render: 73ms)[22m
[2m[WebServer] [22m POST /api/auth/change-password [32m200[39m in 282ms[2m (compile: 1445µs, proxy.ts: 4ms, render: 277ms)[22m
[2m[WebServer] [22m POST /api/team/setup [32m200[39m in 383ms[2m (compile: 1889µs, proxy.ts: 4ms, render: 377ms)[22m
[2m[WebServer] [22m POST /api/auth/signout [32m200[39m in 11ms[2m (compile: 1359µs, proxy.ts: 4ms, render: 5ms)[22m
[2m[WebServer] [22m POST /api/auth/signin [32m200[39m in 74ms[2m (compile: 1684µs, proxy.ts: 4ms, render: 69ms)[22m
[2m[WebServer] [22m POST /api/auth/change-password [32m200[39m in 268ms[2m (compile: 1384µs, proxy.ts: 4ms, render: 262ms)[22m
[2m[WebServer] [22m POST /api/team/setup [32m200[39m in 286ms[2m (compile: 1388µs, proxy.ts: 4ms, render: 281ms)[22m
[2m[WebServer] [22m POST /api/auth/signout [32m200[39m in 10ms[2m (compile: 1311µs, proxy.ts: 4ms, render: 5ms)[22m
[2m[WebServer] [22m POST /api/auth/signin [32m200[39m in 75ms[2m (compile: 1554µs, proxy.ts: 4ms, render: 69ms)[22m
[2m[WebServer] [22m POST /api/auth/change-password [32m200[39m in 279ms[2m (compile: 1316µs, proxy.ts: 4ms, render: 274ms)[22m
[2m[WebServer] [22m POST /api/team/setup [32m200[39m in 286ms[2m (compile: 1595µs, proxy.ts: 5ms, render: 280ms)[22m
[2m[WebServer] [22m POST /api/auth/signout [32m200[39m in 10ms[2m (compile: 1669µs, proxy.ts: 4ms, render: 4ms)[22m
[2m[WebServer] [22m POST /api/auth/signin [32m200[39m in 73ms[2m (compile: 1336µs, proxy.ts: 4ms, render: 68ms)[22m
[2m[WebServer] [22m POST /api/auth/change-password [32m200[39m in 268ms[2m (compile: 1451µs, proxy.ts: 4ms, render: 263ms)[22m
[2m[WebServer] [22m POST /api/team/setup [32m200[39m in 275ms[2m (compile: 1413µs, proxy.ts: 4ms, render: 270ms)[22m
[2m[WebServer] [22m POST /api/auth/signout [32m200[39m in 10ms[2m (compile: 1411µs, proxy.ts: 4ms, render: 5ms)[22m
[2m[WebServer] [22m POST /api/auth/signin [32m200[39m in 74ms[2m (compile: 1662µs, proxy.ts: 4ms, render: 68ms)[22m
[2m[WebServer] [22m POST /api/auth/change-password [32m200[39m in 278ms[2m (compile: 1414µs, proxy.ts: 4ms, render: 273ms)[22m
[2m[WebServer] [22m POST /api/team/setup [32m200[39m in 308ms[2m (compile: 1366µs, proxy.ts: 4ms, render: 302ms)[22m
[2m[WebServer] [22m POST /api/auth/signout [32m200[39m in 13ms[2m (compile: 1782µs, proxy.ts: 5ms, render: 6ms)[22m
[2m[WebServer] [22m POST /api/auth/signin [32m200[39m in 74ms[2m (compile: 1343µs, proxy.ts: 4ms, render: 69ms)[22m
[2m[WebServer] [22m POST /api/auth/change-password [32m200[39m in 541ms[2m (compile: 1701µs, proxy.ts: 5ms, render: 534ms)[22m
[2m[WebServer] [22m POST /api/team/setup [32m200[39m in 242ms[2m (compile: 2ms, proxy.ts: 4ms, render: 236ms)[22m
[2m[WebServer] [22m POST /api/auth/signout [32m200[39m in 11ms[2m (compile: 1350µs, proxy.ts: 4ms, render: 5ms)[22m
[2m[WebServer] [22m POST /api/auth/signin [32m200[39m in 73ms[2m (compile: 1747µs, proxy.ts: 4ms, render: 67ms)[22m
[2m[WebServer] [22m POST /api/auth/change-password [32m200[39m in 250ms[2m (compile: 1368µs, proxy.ts: 4ms, render: 245ms)[22m
[2m[WebServer] [22m POST /api/team/setup [32m200[39m in 253ms[2m (compile: 1387µs, proxy.ts: 5ms, render: 246ms)[22m
[2m[WebServer] [22m POST /api/auth/signout [32m200[39m in 11ms[2m (compile: 2ms, proxy.ts: 4ms, render: 5ms)[22m
[2m[WebServer] [22m POST /api/auth/signin [32m200[39m in 74ms[2m (compile: 1298µs, proxy.ts: 4ms, render: 68ms)[22m
[2m[WebServer] [22m POST /api/admin/t16-4xml6jzt/generate-fixtures [32m200[39m in 61s[2m (compile: 18ms, proxy.ts: 6ms, render: 61s)[22m
[2m[WebServer] [22m POST /api/auth/signin [32m200[39m in 137ms[2m (compile: 5ms, proxy.ts: 49ms, render: 84ms)[22m
[2m[WebServer] [22m GET /api/admin/t16-4xml6jzt/generate-fixtures [32m200[39m in 53ms[2m (compile: 24ms, proxy.ts: 18ms, render: 11ms)[22m
  ok 50 [chromium] › tests\league-types\tvt-16.spec.ts:43:7 › TVT-16 (admin + user) › admin: 16-team league has 30 league-stage GWs and 2 repetitions (671ms)
[2m[WebServer] [22m POST /api/auth/signin [32m200[39m in 90ms[2m (compile: 3ms, proxy.ts: 7ms, render: 80ms)[22m
[2m[WebServer] [22m POST /api/admin/t16-4xml6jzt/settings [32m200[39m in 1898ms[2m (compile: 1666ms, proxy.ts: 7ms, render: 224ms)[22m
[2m[WebServer] [22m GET /api/admin/t16-4xml6jzt/settings [32m200[39m in 24ms[2m (compile: 12ms, proxy.ts: 4ms, render: 8ms)[22m
[2m[WebServer] [22m POST /api/admin/t16-4xml6jzt/settings [32m200[39m in 332ms[2m (compile: 4ms, proxy.ts: 6ms, render: 322ms)[22m
  ok 51 [chromium] › tests\league-types\tvt-16.spec.ts:51:7 › TVT-16 (admin + user) › admin: chip enable/disable toggle persists per league (2.4s)
[2m[WebServer] [22m POST /api/auth/signin [32m200[39m in 101ms[2m (compile: 10ms, proxy.ts: 4ms, render: 87ms)[22m
[2m[WebServer] [22m GET /api/test-fpl-stub/bootstrap-static [32m200[39m in 334ms[2m (compile: 313ms, proxy.ts: 10ms, render: 11ms)[22m
[2m[WebServer] [22m POST /api/admin/t16-4xml6jzt/generate-playoffs [32m200[39m in 20.3s[2m (compile: 1360ms, proxy.ts: 6ms, render: 18.9s)[22m
  ok 52 [chromium] › tests\league-types\tvt-16.spec.ts:63:7 › TVT-16 (admin + user) › admin: generate-playoffs creates bracket fixtures starting at GW31 (20.4s)
[2m[WebServer] [22m GET /t16-4xml6jzt/standings [32m200[39m in 319ms[2m (compile: 67ms, render: 252ms)[22m
[2m[WebServer] [22m GET /api/test-fpl-stub/entry/1002/event/1/picks [32m200[39m in 45ms[2m (compile: 17ms, proxy.ts: 18ms, render: 10ms)[22m
[2m[WebServer] [22m GET /api/test-fpl-stub/entry/1003/event/1/picks [32m200[39m in 47ms[2m (compile: 12ms, proxy.ts: 10ms, render: 25ms)[22m
[2m[WebServer] [22m GET /api/test-fpl-stub/entry/1020/event/1/picks [32m200[39m in 47ms[2m (compile: 12ms, proxy.ts: 10ms, render: 25ms)[22m
[2m[WebServer] [22m GET /api/test-fpl-stub/entry/1021/event/1/picks [32m200[39m in 47ms[2m (compile: 12ms, proxy.ts: 10ms, render: 25ms)[22m
[2m[WebServer] [22m GET /api/test-fpl-stub/entry/1022/event/1/picks [32m200[39m in 47ms[2m (compile: 12ms, proxy.ts: 10ms, render: 25ms)[22m
[2m[WebServer] [22m GET /api/test-fpl-stub/entry/1025/event/1/picks [32m200[39m in 45ms[2m (compile: 12ms, proxy.ts: 10ms, render: 23ms)[22m
[2m[WebServer] [22m GET /api/test-fpl-stub/entry/1026/event/1/picks [32m200[39m in 45ms[2m (compile: 12ms, proxy.ts: 10ms, render: 23ms)[22m
[2m[WebServer] [22m GET /api/test-fpl-stub/entry/1023/event/1/picks [32m200[39m in 45ms[2m (compile: 12ms, proxy.ts: 10ms, render: 23ms)[22m
[2m[WebServer] [22m GET /api/test-fpl-stub/entry/1024/event/1/picks [32m200[39m in 45ms[2m (compile: 12ms, proxy.ts: 10ms, render: 23ms)[22m
[2m[WebServer] [22m GET /api/test-fpl-stub/entry/1027/event/1/picks [32m200[39m in 49ms[2m (compile: 15ms, proxy.ts: 12ms, render: 22ms)[22m
[2m[WebServer] [22m GET /api/test-fpl-stub/entry/1028/event/1/picks [32m200[39m in 49ms[2m (compile: 15ms, proxy.ts: 12ms, render: 22ms)[22m
[2m[WebServer] [22m GET /api/test-fpl-stub/entry/1029/event/1/picks [32m200[39m in 49ms[2m (compile: 15ms, proxy.ts: 12ms, render: 22ms)[22m
[2m[WebServer] [22m GET /api/test-fpl-stub/entry/1030/event/1/picks [32m200[39m in 49ms[2m (compile: 15ms, proxy.ts: 12ms, render: 22ms)[22m
[2m[WebServer] [22m GET /api/test-fpl-stub/entry/1031/event/1/picks [32m200[39m in 41ms[2m (compile: 12ms, proxy.ts: 8ms, render: 21ms)[22m
[2m[WebServer] [22m GET /api/test-fpl-stub/entry/1032/event/1/picks [32m200[39m in 41ms[2m (compile: 12ms, proxy.ts: 8ms, render: 21ms)[22m
[2m[WebServer] [22m GET /api/test-fpl-stub/entry/1033/event/1/picks [32m200[39m in 41ms[2m (compile: 12ms, proxy.ts: 8ms, render: 21ms)[22m
[2m[WebServer] [22m GET /api/test-fpl-stub/entry/1004/event/1/picks [32m200[39m in 41ms[2m (compile: 12ms, proxy.ts: 8ms, render: 21ms)[22m
[2m[WebServer] [22m GET /api/test-fpl-stub/entry/1005/event/1/picks [32m200[39m in 40ms[2m (compile: 9ms, proxy.ts: 10ms, render: 21ms)[22m
[2m[WebServer] [22m GET /api/test-fpl-stub/entry/1006/event/1/picks [32m200[39m in 40ms[2m (compile: 9ms, proxy.ts: 10ms, render: 21ms)[22m
[2m[WebServer] [22m GET /api/test-fpl-stub/entry/1007/event/1/picks [32m200[39m in 40ms[2m (compile: 9ms, proxy.ts: 10ms, render: 21ms)[22m
[2m[WebServer] [22m GET /api/test-fpl-stub/entry/1008/event/1/picks [32m200[39m in 40ms[2m (compile: 9ms, proxy.ts: 10ms, render: 21ms)[22m
[2m[WebServer] [22m GET /api/test-fpl-stub/entry/1009/event/1/picks [32m200[39m in 51ms[2m (compile: 19ms, proxy.ts: 7ms, render: 26ms)[22m
[2m[WebServer] [22m GET /api/test-fpl-stub/entry/1010/event/1/picks [32m200[39m in 51ms[2m (compile: 19ms, proxy.ts: 7ms, render: 26ms)[22m
[2m[WebServer] [22m GET /api/test-fpl-stub/entry/1011/event/1/picks [32m200[39m in 51ms[2m (compile: 19ms, proxy.ts: 7ms, render: 26ms)[22m
[2m[WebServer] [22m GET /api/test-fpl-stub/entry/1012/event/1/picks [32m200[39m in 51ms[2m (compile: 19ms, proxy.ts: 7ms, render: 26ms)[22m
[2m[WebServer] [22m GET /api/test-fpl-stub/entry/1013/event/1/picks [32m200[39m in 43ms[2m (compile: 13ms, proxy.ts: 9ms, render: 21ms)[22m
[2m[WebServer] [22m GET /api/test-fpl-stub/entry/1014/event/1/picks [32m200[39m in 43ms[2m (compile: 13ms, proxy.ts: 10ms, render: 21ms)[22m
[2m[WebServer] [22m GET /api/test-fpl-stub/entry/1015/event/1/picks [32m200[39m in 43ms[2m (compile: 13ms, proxy.ts: 10ms, render: 21ms)[22m
[2m[WebServer] [22m GET /api/test-fpl-stub/entry/1016/event/1/picks [32m200[39m in 43ms[2m (compile: 13ms, proxy.ts: 10ms, render: 21ms)[22m
[2m[WebServer] [22m GET /api/test-fpl-stub/entry/1017/event/1/picks [32m200[39m in 59ms[2m (compile: 16ms, proxy.ts: 15ms, render: 28ms)[22m
[2m[WebServer] [22m GET /api/test-fpl-stub/entry/1018/event/1/picks [32m200[39m in 59ms[2m (compile: 16ms, proxy.ts: 15ms, render: 28ms)[22m
[2m[WebServer] [22m GET /api/test-fpl-stub/entry/1019/event/1/picks [32m200[39m in 59ms[2m (compile: 16ms, proxy.ts: 15ms, render: 28ms)[22m
[2m[WebServer] [22m GET /api/standings?leagueSlug=t16-4xml6jzt [32m200[39m in 1771ms[2m (compile: 651ms, proxy.ts: 5ms, render: 1114ms)[22m
[2m[WebServer] [22m GET /t16-4xml6jzt/fixtures [32m200[39m in 1172ms[2m (compile: 915ms, render: 257ms)[22m
[2m[WebServer] [22m GET /api/fixtures?leagueSlug=t16-4xml6jzt [32m200[39m in 652ms[2m (compile: 599ms, proxy.ts: 6ms, render: 47ms)[22m
  ok 53 [chromium] › tests\league-types\tvt-16.spec.ts:73:7 › TVT-16 (admin + user) › user: team can view standings + fixtures pages (7.3s)
[2m[WebServer] [22m GET /t16-4xml6jzt/playoffs [32m200[39m in 2.8s[2m (compile: 2.6s, render: 194ms)[22m
  ok 54 [chromium] › tests\league-types\tvt-16.spec.ts:80:7 › TVT-16 (admin + user) › user: playoffs page returns 200 even with no bracket yet (3.7s)
[2m[WebServer] [22m POST /api/auth/signin [32m200[39m in 1386ms[2m (compile: 1211ms, proxy.ts: 15ms, render: 160ms)[22m
[2m[WebServer] [22m GET /api/test-fpl-stub/bootstrap-static [32m200[39m in 34ms[2m (compile: 18ms, proxy.ts: 5ms, render: 11ms)[22m
[2m[WebServer] [22m GET /api/test-fpl-stub/bootstrap-static [32m200[39m in 23ms[2m (compile: 12ms, proxy.ts: 3ms, render: 8ms)[22m
[2m[WebServer] [22m GET /api/team/dashboard [32m200[39m in 13.1s[2m (compile: 787ms, proxy.ts: 5ms, render: 12.3s)[22m
[2m[WebServer] [22m GET /api/test-fpl-stub/bootstrap-static [32m200[39m in 30ms[2m (compile: 16ms, proxy.ts: 5ms, render: 10ms)[22m
[2m[WebServer] [22m POST /api/team/captain [32m200[39m in 909ms[2m (compile: 683ms, proxy.ts: 5ms, render: 221ms)[22m
[2m[WebServer] [22m POST /api/auth/signout [32m200[39m in 654ms[2m (compile: 640ms, proxy.ts: 5ms, render: 9ms)[22m
  ok 55 [chromium] › tests\league-types\tvt-16.spec.ts:84:7 › TVT-16 (admin + user) › user: captain submission flow works for an authenticated team (16.1s)
[2m[WebServer] [22m POST /api/auth/signin [32m200[39m in 131ms[2m (compile: 39ms, proxy.ts: 6ms, render: 86ms)[22m
[2m[WebServer] [22m POST /api/superadmin/leagues [32m200[39m in 3.3s[2m (compile: 772ms, proxy.ts: 6ms, render: 2.5s)[22m
[2m[WebServer] [22m POST /api/auth/signin [32m200[39m in 94ms[2m (compile: 5ms, proxy.ts: 5ms, render: 84ms)[22m
[2m[WebServer] [22m POST /api/auth/change-password [32m200[39m in 1041ms[2m (compile: 713ms, proxy.ts: 4ms, render: 324ms)[22m
[2m[WebServer] [22m POST /api/team/setup [32m200[39m in 1243ms[2m (compile: 880ms, proxy.ts: 6ms, render: 357ms)[22m
[2m[WebServer] [22m POST /api/auth/signout [32m200[39m in 18ms[2m (compile: 5ms, proxy.ts: 6ms, render: 8ms)[22m
[2m[WebServer] [22m POST /api/auth/signin [32m200[39m in 115ms[2m (compile: 8ms, proxy.ts: 7ms, render: 100ms)[22m
[2m[WebServer] [22m POST /api/auth/change-password [32m200[39m in 381ms[2m (compile: 5ms, proxy.ts: 5ms, render: 372ms)[22m
[2m[WebServer] [22m POST /api/team/setup [32m200[39m in 472ms[2m (compile: 4ms, proxy.ts: 10ms, render: 458ms)[22m
[2m[WebServer] [22m POST /api/auth/signout [32m200[39m in 20ms[2m (compile: 3ms, proxy.ts: 8ms, render: 8ms)[22m
[2m[WebServer] [22m POST /api/auth/signin [32m200[39m in 111ms[2m (compile: 3ms, proxy.ts: 9ms, render: 99ms)[22m
[2m[WebServer] [22m POST /api/auth/change-password [32m200[39m in 617ms[2m (compile: 3ms, proxy.ts: 10ms, render: 604ms)[22m
[2m[WebServer] [22m POST /api/team/setup [32m200[39m in 1377ms[2m (compile: 2ms, proxy.ts: 6ms, render: 1370ms)[22m
[2m[WebServer] [22m POST /api/auth/signout [32m200[39m in 15ms[2m (compile: 1767µs, proxy.ts: 6ms, render: 7ms)[22m
[2m[WebServer] [22m POST /api/auth/signin [32m200[39m in 73ms[2m (compile: 1821µs, proxy.ts: 5ms, render: 66ms)[22m
[2m[WebServer] [22m POST /api/auth/change-password [32m200[39m in 372ms[2m (compile: 1312µs, proxy.ts: 5ms, render: 366ms)[22m
[2m[WebServer] [22m POST /api/team/setup [32m200[39m in 436ms[2m (compile: 1254µs, proxy.ts: 4ms, render: 430ms)[22m
[2m[WebServer] [22m POST /api/auth/signout [32m200[39m in 12ms[2m (compile: 2ms, proxy.ts: 4ms, render: 5ms)[22m
[2m[WebServer] [22m POST /api/auth/signin [32m200[39m in 80ms[2m (compile: 1405µs, proxy.ts: 4ms, render: 75ms)[22m
[2m[WebServer] [22m POST /api/auth/change-password [32m200[39m in 360ms[2m (compile: 1458µs, proxy.ts: 4ms, render: 355ms)[22m
[2m[WebServer] [22m POST /api/team/setup [32m200[39m in 403ms[2m (compile: 2ms, proxy.ts: 6ms, render: 394ms)[22m
[2m[WebServer] [22m POST /api/auth/signout [32m200[39m in 12ms[2m (compile: 1338µs, proxy.ts: 5ms, render: 5ms)[22m
[2m[WebServer] [22m POST /api/auth/signin [32m200[39m in 78ms[2m (compile: 1869µs, proxy.ts: 4ms, render: 72ms)[22m
[2m[WebServer] [22m POST /api/auth/change-password [32m200[39m in 331ms[2m (compile: 3ms, proxy.ts: 4ms, render: 325ms)[22m
[2m[WebServer] [22m POST /api/team/setup [32m200[39m in 457ms[2m (compile: 1779µs, proxy.ts: 4ms, render: 450ms)[22m
[2m[WebServer] [22m POST /api/auth/signout [32m200[39m in 16ms[2m (compile: 2ms, proxy.ts: 6ms, render: 8ms)[22m
[2m[WebServer] [22m POST /api/auth/signin [32m200[39m in 83ms[2m (compile: 2ms, proxy.ts: 7ms, render: 74ms)[22m
[2m[WebServer] [22m POST /api/auth/change-password [32m200[39m in 383ms[2m (compile: 1646µs, proxy.ts: 4ms, render: 378ms)[22m
[2m[WebServer] [22m POST /api/team/setup [32m200[39m in 359ms[2m (compile: 1408µs, proxy.ts: 5ms, render: 352ms)[22m
[2m[WebServer] [22m POST /api/auth/signout [32m200[39m in 11ms[2m (compile: 2ms, proxy.ts: 4ms, render: 5ms)[22m
[2m[WebServer] [22m POST /api/auth/signin [32m200[39m in 78ms[2m (compile: 1433µs, proxy.ts: 4ms, render: 73ms)[22m
[2m[WebServer] [22m POST /api/auth/change-password [32m200[39m in 288ms[2m (compile: 1449µs, proxy.ts: 4ms, render: 283ms)[22m
[2m[WebServer] [22m POST /api/team/setup [32m200[39m in 340ms[2m (compile: 1313µs, proxy.ts: 5ms, render: 334ms)[22m
[2m[WebServer] [22m POST /api/auth/signout [32m200[39m in 12ms[2m (compile: 1344µs, proxy.ts: 4ms, render: 6ms)[22m
[2m[WebServer] [22m POST /api/auth/signin [32m200[39m in 75ms[2m (compile: 1262µs, proxy.ts: 4ms, render: 70ms)[22m
[2m[WebServer] [22m POST /api/auth/change-password [32m200[39m in 758ms[2m (compile: 1291µs, proxy.ts: 4ms, render: 753ms)[22m
[2m[WebServer] [22m POST /api/team/setup [32m200[39m in 1111ms[2m (compile: 1561µs, proxy.ts: 5ms, render: 1105ms)[22m
[2m[WebServer] [22m POST /api/auth/signout [32m200[39m in 11ms[2m (compile: 1940µs, proxy.ts: 4ms, render: 5ms)[22m
[2m[WebServer] [22m POST /api/auth/signin [32m200[39m in 85ms[2m (compile: 1412µs, proxy.ts: 4ms, render: 80ms)[22m
[2m[WebServer] [22m POST /api/auth/change-password [32m200[39m in 575ms[2m (compile: 1892µs, proxy.ts: 7ms, render: 566ms)[22m
[2m[WebServer] [22m POST /api/team/setup [32m200[39m in 928ms[2m (compile: 1607µs, proxy.ts: 4ms, render: 923ms)[22m
[2m[WebServer] [22m POST /api/auth/signout [32m200[39m in 17ms[2m (compile: 7ms, proxy.ts: 4ms, render: 5ms)[22m
[2m[WebServer] [22m POST /api/auth/signin [32m200[39m in 74ms[2m (compile: 1285µs, proxy.ts: 4ms, render: 69ms)[22m
[2m[WebServer] [22m POST /api/auth/change-password [32m200[39m in 601ms[2m (compile: 1477µs, proxy.ts: 4ms, render: 595ms)[22m
[2m[WebServer] [22m POST /api/team/setup [32m200[39m in 1089ms[2m (compile: 1299µs, proxy.ts: 4ms, render: 1083ms)[22m
[2m[WebServer] [22m POST /api/auth/signout [32m200[39m in 10ms[2m (compile: 1255µs, proxy.ts: 4ms, render: 5ms)[22m
[2m[WebServer] [22m POST /api/auth/signin [32m200[39m in 72ms[2m (compile: 1418µs, proxy.ts: 4ms, render: 67ms)[22m
[2m[WebServer] [22m POST /api/auth/change-password [32m200[39m in 978ms[2m (compile: 1828µs, proxy.ts: 5ms, render: 971ms)[22m
[2m[WebServer] [22m POST /api/team/setup [32m200[39m in 396ms[2m (compile: 1299µs, proxy.ts: 4ms, render: 390ms)[22m
[2m[WebServer] [22m POST /api/auth/signout [32m200[39m in 11ms[2m (compile: 1273µs, proxy.ts: 4ms, render: 5ms)[22m
[2m[WebServer] [22m POST /api/auth/signin [32m200[39m in 76ms[2m (compile: 1218µs, proxy.ts: 4ms, render: 71ms)[22m
[2m[WebServer] [22m POST /api/auth/change-password [32m200[39m in 282ms[2m (compile: 1271µs, proxy.ts: 4ms, render: 277ms)[22m
[2m[WebServer] [22m POST /api/team/setup [32m200[39m in 296ms[2m (compile: 1295µs, proxy.ts: 5ms, render: 289ms)[22m
[2m[WebServer] [22m POST /api/auth/signout [32m200[39m in 11ms[2m (compile: 1577µs, proxy.ts: 5ms, render: 5ms)[22m
[2m[WebServer] [22m POST /api/auth/signin [32m200[39m in 76ms[2m (compile: 1296µs, proxy.ts: 4ms, render: 71ms)[22m
[2m[WebServer] [22m POST /api/auth/change-password [32m200[39m in 334ms[2m (compile: 2ms, proxy.ts: 7ms, render: 326ms)[22m
[2m[WebServer] [22m POST /api/team/setup [32m200[39m in 481ms[2m (compile: 3ms, proxy.ts: 7ms, render: 471ms)[22m
[2m[WebServer] [22m POST /api/auth/signout [32m200[39m in 10ms[2m (compile: 1219µs, proxy.ts: 4ms, render: 5ms)[22m
[2m[WebServer] [22m POST /api/auth/signin [32m200[39m in 79ms[2m (compile: 1948µs, proxy.ts: 4ms, render: 73ms)[22m
[2m[WebServer] [22m POST /api/auth/change-password [32m200[39m in 319ms[2m (compile: 1683µs, proxy.ts: 4ms, render: 313ms)[22m
[2m[WebServer] [22m POST /api/team/setup [32m200[39m in 263ms[2m (compile: 1227µs, proxy.ts: 4ms, render: 258ms)[22m
[2m[WebServer] [22m POST /api/auth/signout [32m200[39m in 11ms[2m (compile: 1340µs, proxy.ts: 5ms, render: 5ms)[22m
[2m[WebServer] [22m POST /api/auth/signin [32m200[39m in 78ms[2m (compile: 1949µs, proxy.ts: 5ms, render: 71ms)[22m
[2m[WebServer] [22m POST /api/auth/change-password [32m200[39m in 297ms[2m (compile: 1632µs, proxy.ts: 4ms, render: 292ms)[22m
[2m[WebServer] [22m POST /api/team/setup [32m200[39m in 391ms[2m (compile: 1281µs, proxy.ts: 4ms, render: 386ms)[22m
[2m[WebServer] [22m POST /api/auth/signout [32m200[39m in 10ms[2m (compile: 1291µs, proxy.ts: 4ms, render: 5ms)[22m
[2m[WebServer] [22m POST /api/auth/signin [32m200[39m in 81ms[2m (compile: 2ms, proxy.ts: 6ms, render: 73ms)[22m
[2m[WebServer] [22m POST /api/auth/change-password [32m200[39m in 288ms[2m (compile: 1326µs, proxy.ts: 4ms, render: 283ms)[22m
[2m[WebServer] [22m POST /api/team/setup [32m200[39m in 286ms[2m (compile: 1345µs, proxy.ts: 4ms, render: 280ms)[22m
[2m[WebServer] [22m POST /api/auth/signout [32m200[39m in 10ms[2m (compile: 1473µs, proxy.ts: 4ms, render: 5ms)[22m
[2m[WebServer] [22m POST /api/auth/signin [32m200[39m in 81ms[2m (compile: 4ms, proxy.ts: 5ms, render: 72ms)[22m
[2m[WebServer] [22m POST /api/auth/change-password [32m200[39m in 305ms[2m (compile: 1922µs, proxy.ts: 4ms, render: 299ms)[22m
[2m[WebServer] [22m POST /api/team/setup [32m200[39m in 767ms[2m (compile: 1322µs, proxy.ts: 4ms, render: 761ms)[22m
[2m[WebServer] [22m POST /api/auth/signout [32m200[39m in 66ms[2m (compile: 2ms, proxy.ts: 6ms, render: 58ms)[22m
[2m[WebServer] [22m POST /api/auth/signin [32m200[39m in 81ms[2m (compile: 1872µs, proxy.ts: 5ms, render: 74ms)[22m
[2m[WebServer] [22m POST /api/auth/change-password [32m200[39m in 334ms[2m (compile: 1422µs, proxy.ts: 29ms, render: 303ms)[22m
[2m[WebServer] [22m POST /api/team/setup [32m200[39m in 340ms[2m (compile: 1635µs, proxy.ts: 4ms, render: 334ms)[22m
[2m[WebServer] [22m POST /api/auth/signout [32m200[39m in 12ms[2m (compile: 1381µs, proxy.ts: 4ms, render: 6ms)[22m
[2m[WebServer] [22m POST /api/auth/signin [32m200[39m in 73ms[2m (compile: 1246µs, proxy.ts: 4ms, render: 68ms)[22m
[2m[WebServer] [22m POST /api/auth/change-password [32m200[39m in 582ms[2m (compile: 1286µs, proxy.ts: 4ms, render: 577ms)[22m
[2m[WebServer] [22m POST /api/team/setup [32m200[39m in 331ms[2m (compile: 2ms, proxy.ts: 6ms, render: 322ms)[22m
[2m[WebServer] [22m POST /api/auth/signout [32m200[39m in 11ms[2m (compile: 1487µs, proxy.ts: 5ms, render: 4ms)[22m
[2m[WebServer] [22m POST /api/auth/signin [32m200[39m in 75ms[2m (compile: 1268µs, proxy.ts: 4ms, render: 70ms)[22m
[2m[WebServer] [22m POST /api/auth/change-password [32m200[39m in 317ms[2m (compile: 1938µs, proxy.ts: 5ms, render: 310ms)[22m
[2m[WebServer] [22m POST /api/team/setup [32m200[39m in 341ms[2m (compile: 1254µs, proxy.ts: 4ms, render: 336ms)[22m
[2m[WebServer] [22m POST /api/auth/signout [32m200[39m in 11ms[2m (compile: 1556µs, proxy.ts: 4ms, render: 6ms)[22m
[2m[WebServer] [22m POST /api/auth/signin [32m200[39m in 83ms[2m (compile: 1561µs, proxy.ts: 5ms, render: 77ms)[22m
[2m[WebServer] [22m POST /api/auth/change-password [32m200[39m in 269ms[2m (compile: 1974µs, proxy.ts: 6ms, render: 261ms)[22m
[2m[WebServer] [22m POST /api/team/setup [32m200[39m in 286ms[2m (compile: 1548µs, proxy.ts: 5ms, render: 279ms)[22m
[2m[WebServer] [22m POST /api/auth/signout [32m200[39m in 11ms[2m (compile: 1844µs, proxy.ts: 4ms, render: 5ms)[22m
[2m[WebServer] [22m POST /api/auth/signin [32m200[39m in 84ms[2m (compile: 2ms, proxy.ts: 4ms, render: 79ms)[22m
[2m[WebServer] [22m POST /api/auth/change-password [32m200[39m in 340ms[2m (compile: 1362µs, proxy.ts: 4ms, render: 335ms)[22m
[2m[WebServer] [22m POST /api/team/setup [32m200[39m in 307ms[2m (compile: 1264µs, proxy.ts: 4ms, render: 302ms)[22m
[2m[WebServer] [22m POST /api/auth/signout [32m200[39m in 9ms[2m (compile: 1260µs, proxy.ts: 4ms, render: 4ms)[22m
[2m[WebServer] [22m POST /api/auth/signin [32m200[39m in 81ms[2m (compile: 1982µs, proxy.ts: 6ms, render: 73ms)[22m
[2m[WebServer] [22m POST /api/auth/change-password [32m200[39m in 284ms[2m (compile: 1323µs, proxy.ts: 4ms, render: 279ms)[22m
[2m[WebServer] [22m POST /api/team/setup [32m200[39m in 413ms[2m (compile: 1358µs, proxy.ts: 4ms, render: 408ms)[22m
[2m[WebServer] [22m POST /api/auth/signout [32m200[39m in 11ms[2m (compile: 1585µs, proxy.ts: 4ms, render: 5ms)[22m
[2m[WebServer] [22m POST /api/auth/signin [32m200[39m in 77ms[2m (compile: 1839µs, proxy.ts: 4ms, render: 71ms)[22m
[2m[WebServer] [22m POST /api/auth/change-password [32m200[39m in 652ms[2m (compile: 1595µs, proxy.ts: 4ms, render: 646ms)[22m
[2m[WebServer] [22m POST /api/team/setup [32m200[39m in 352ms[2m (compile: 1997µs, proxy.ts: 6ms, render: 344ms)[22m
[2m[WebServer] [22m POST /api/auth/signout [32m200[39m in 13ms[2m (compile: 1735µs, proxy.ts: 4ms, render: 7ms)[22m
[2m[WebServer] [22m POST /api/auth/signin [32m200[39m in 79ms[2m (compile: 1475µs, proxy.ts: 4ms, render: 74ms)[22m
[2m[WebServer] [22m POST /api/auth/change-password [32m200[39m in 393ms[2m (compile: 2ms, proxy.ts: 6ms, render: 385ms)[22m
[2m[WebServer] [22m POST /api/team/setup [32m200[39m in 484ms[2m (compile: 2ms, proxy.ts: 7ms, render: 475ms)[22m
[2m[WebServer] [22m POST /api/auth/signout [32m200[39m in 12ms[2m (compile: 1491µs, proxy.ts: 4ms, render: 6ms)[22m
[2m[WebServer] [22m POST /api/auth/signin [32m200[39m in 74ms[2m (compile: 1294µs, proxy.ts: 4ms, render: 70ms)[22m
[2m[WebServer] [22m POST /api/auth/change-password [32m200[39m in 375ms[2m (compile: 1909µs, proxy.ts: 5ms, render: 368ms)[22m
[2m[WebServer] [22m POST /api/team/setup [32m200[39m in 363ms[2m (compile: 1714µs, proxy.ts: 5ms, render: 357ms)[22m
[2m[WebServer] [22m POST /api/auth/signout [32m200[39m in 9ms[2m (compile: 1343µs, proxy.ts: 4ms, render: 4ms)[22m
[2m[WebServer] [22m POST /api/auth/signin [32m200[39m in 77ms[2m (compile: 1642µs, proxy.ts: 6ms, render: 70ms)[22m
[2m[WebServer] [22m POST /api/auth/change-password [32m200[39m in 336ms[2m (compile: 1939µs, proxy.ts: 5ms, render: 329ms)[22m
[2m[WebServer] [22m POST /api/team/setup [32m200[39m in 326ms[2m (compile: 1372µs, proxy.ts: 5ms, render: 320ms)[22m
[2m[WebServer] [22m POST /api/auth/signout [32m200[39m in 14ms[2m (compile: 2ms, proxy.ts: 5ms, render: 7ms)[22m
[2m[WebServer] [22m POST /api/auth/signin [32m200[39m in 85ms[2m (compile: 2ms, proxy.ts: 5ms, render: 78ms)[22m
[2m[WebServer] [22m POST /api/auth/change-password [32m200[39m in 329ms[2m (compile: 2ms, proxy.ts: 5ms, render: 321ms)[22m
[2m[WebServer] [22m POST /api/team/setup [32m200[39m in 507ms[2m (compile: 1386µs, proxy.ts: 4ms, render: 502ms)[22m
[2m[WebServer] [22m POST /api/auth/signout [32m200[39m in 13ms[2m (compile: 2ms, proxy.ts: 5ms, render: 5ms)[22m
[2m[WebServer] [22m POST /api/auth/signin [32m200[39m in 77ms[2m (compile: 1528µs, proxy.ts: 4ms, render: 71ms)[22m
[2m[WebServer] [22m POST /api/auth/change-password [32m200[39m in 339ms[2m (compile: 1440µs, proxy.ts: 4ms, render: 334ms)[22m
[2m[WebServer] [22m POST /api/team/setup [32m200[39m in 877ms[2m (compile: 1314µs, proxy.ts: 4ms, render: 871ms)[22m
[2m[WebServer] [22m POST /api/auth/signout [32m200[39m in 12ms[2m (compile: 1354µs, proxy.ts: 5ms, render: 6ms)[22m
[2m[WebServer] [22m POST /api/auth/signin [32m200[39m in 76ms[2m (compile: 1306µs, proxy.ts: 4ms, render: 71ms)[22m
[2m[WebServer] [22m POST /api/auth/change-password [32m200[39m in 328ms[2m (compile: 2ms, proxy.ts: 5ms, render: 321ms)[22m
[2m[WebServer] [22m POST /api/team/setup [32m200[39m in 307ms[2m (compile: 2ms, proxy.ts: 5ms, render: 300ms)[22m
[2m[WebServer] [22m POST /api/auth/signout [32m200[39m in 12ms[2m (compile: 1863µs, proxy.ts: 4ms, render: 6ms)[22m
[2m[WebServer] [22m POST /api/auth/signin [32m200[39m in 78ms[2m (compile: 1287µs, proxy.ts: 4ms, render: 73ms)[22m
[2m[WebServer] [22m POST /api/auth/change-password [32m200[39m in 347ms[2m (compile: 1323µs, proxy.ts: 4ms, render: 342ms)[22m
[2m[WebServer] [22m POST /api/team/setup [32m200[39m in 349ms[2m (compile: 1374µs, proxy.ts: 5ms, render: 342ms)[22m
[2m[WebServer] [22m POST /api/auth/signout [32m200[39m in 11ms[2m (compile: 1330µs, proxy.ts: 4ms, render: 6ms)[22m
[2m[WebServer] [22m POST /api/auth/signin [32m200[39m in 73ms[2m (compile: 1655µs, proxy.ts: 4ms, render: 68ms)[22m
[2m[WebServer] [22m POST /api/admin/t32-4xpdj1b3/generate-fixtures [32m200[39m in 71s[2m (compile: 20ms, proxy.ts: 5ms, render: 71s)[22m
  ok 56 [chromium] › tests\league-types\tvt-32.spec.ts:48:7 › TVT-32 (admin + user) › admin: league has 32 teams split across 2 groups (3ms)
[2m[WebServer] [22m POST /api/auth/signin [32m200[39m in 100ms[2m (compile: 4ms, proxy.ts: 9ms, render: 87ms)[22m
[2m[WebServer] [22m GET /api/admin/t32-4xpdj1b3/generate-fixtures [32m200[39m in 41ms[2m (compile: 19ms, proxy.ts: 9ms, render: 13ms)[22m
  ok 57 [chromium] › tests\league-types\tvt-32.spec.ts:59:7 › TVT-32 (admin + user) › admin: 32-team league has 30 league-stage GWs (410ms)
[2m[WebServer] [22m POST /api/auth/signin [32m200[39m in 136ms[2m (compile: 41ms, proxy.ts: 8ms, render: 86ms)[22m
[2m[WebServer] [22m POST /api/admin/t32-4xpdj1b3/settings [32m200[39m in 156ms[2m (compile: 21ms, proxy.ts: 6ms, render: 129ms)[22m
[2m[WebServer] [22m GET /api/admin/t32-4xpdj1b3/settings [32m200[39m in 15ms[2m (compile: 5ms, proxy.ts: 5ms, render: 6ms)[22m
  ok 58 [chromium] › tests\league-types\tvt-32.spec.ts:67:7 › TVT-32 (admin + user) › admin: groups reveal setting can be toggled (324ms)
[2m[WebServer] [22m POST /api/auth/signin [32m200[39m in 86ms[2m (compile: 1989µs, proxy.ts: 6ms, render: 78ms)[22m
[2m[WebServer] [22m GET /api/test-fpl-stub/bootstrap-static [32m200[39m in 33ms[2m (compile: 18ms, proxy.ts: 5ms, render: 10ms)[22m
[2m[WebServer] [22m POST /api/admin/t32-4xpdj1b3/generate-playoffs [32m200[39m in 5.6s[2m (compile: 25ms, proxy.ts: 6ms, render: 5.6s)[22m
  ok 59 [chromium] › tests\league-types\tvt-32.spec.ts:76:7 › TVT-32 (admin + user) › admin: generate-playoffs endpoint accepts a POST for the configured format (5.7s)
[2m[WebServer] [22m GET /t32-4xpdj1b3/standings [32m200[39m in 258ms[2m (compile: 61ms, render: 197ms)[22m
[2m[WebServer] [22m GET /api/test-fpl-stub/entry/1002/event/1/picks [32m200[39m in 27ms[2m (compile: 14ms, proxy.ts: 5ms, render: 8ms)[22m
[2m[WebServer] [22m GET /api/test-fpl-stub/entry/1003/event/1/picks [32m200[39m in 51ms[2m (compile: 14ms, proxy.ts: 10ms, render: 27ms)[22m
[2m[WebServer] [22m GET /api/test-fpl-stub/entry/1020/event/1/picks [32m200[39m in 51ms[2m (compile: 14ms, proxy.ts: 10ms, render: 27ms)[22m
[2m[WebServer] [22m GET /api/test-fpl-stub/entry/1021/event/1/picks [32m200[39m in 51ms[2m (compile: 14ms, proxy.ts: 10ms, render: 26ms)[22m
[2m[WebServer] [22m GET /api/test-fpl-stub/entry/1022/event/1/picks [32m200[39m in 51ms[2m (compile: 14ms, proxy.ts: 10ms, render: 26ms)[22m
[2m[WebServer] [22m GET /api/test-fpl-stub/entry/1023/event/1/picks [32m200[39m in 51ms[2m (compile: 17ms, proxy.ts: 9ms, render: 25ms)[22m
[2m[WebServer] [22m GET /api/test-fpl-stub/entry/1024/event/1/picks [32m200[39m in 51ms[2m (compile: 17ms, proxy.ts: 9ms, render: 25ms)[22m
[2m[WebServer] [22m GET /api/test-fpl-stub/entry/1026/event/1/picks [32m200[39m in 51ms[2m (compile: 17ms, proxy.ts: 9ms, render: 25ms)[22m
[2m[WebServer] [22m GET /api/test-fpl-stub/entry/1025/event/1/picks [32m200[39m in 51ms[2m (compile: 17ms, proxy.ts: 9ms, render: 24ms)[22m
[2m[WebServer] [22m GET /api/test-fpl-stub/entry/1027/event/1/picks [32m200[39m in 42ms[2m (compile: 11ms, proxy.ts: 9ms, render: 22ms)[22m
[2m[WebServer] [22m GET /api/test-fpl-stub/entry/1028/event/1/picks [32m200[39m in 42ms[2m (compile: 11ms, proxy.ts: 9ms, render: 22ms)[22m
[2m[WebServer] [22m GET /api/test-fpl-stub/entry/1029/event/1/picks [32m200[39m in 42ms[2m (compile: 11ms, proxy.ts: 9ms, render: 22ms)[22m
[2m[WebServer] [22m GET /api/test-fpl-stub/entry/1030/event/1/picks [32m200[39m in 42ms[2m (compile: 11ms, proxy.ts: 9ms, render: 22ms)[22m
[2m[WebServer] [22m GET /api/test-fpl-stub/entry/1031/event/1/picks [32m200[39m in 45ms[2m (compile: 10ms, proxy.ts: 10ms, render: 25ms)[22m
[2m[WebServer] [22m GET /api/test-fpl-stub/entry/1032/event/1/picks [32m200[39m in 45ms[2m (compile: 10ms, proxy.ts: 10ms, render: 25ms)[22m
[2m[WebServer] [22m GET /api/test-fpl-stub/entry/1033/event/1/picks [32m200[39m in 45ms[2m (compile: 10ms, proxy.ts: 10ms, render: 25ms)[22m
[2m[WebServer] [22m GET /api/test-fpl-stub/entry/1034/event/1/picks [32m200[39m in 45ms[2m (compile: 10ms, proxy.ts: 10ms, render: 25ms)[22m
[2m[WebServer] [22m GET /api/test-fpl-stub/entry/1036/event/1/picks [32m200[39m in 76ms[2m (compile: 30ms, proxy.ts: 16ms, render: 31ms)[22m
[2m[WebServer] [22m GET /api/test-fpl-stub/entry/1037/event/1/picks [32m200[39m in 76ms[2m (compile: 30ms, proxy.ts: 16ms, render: 31ms)[22m
[2m[WebServer] [22m GET /api/test-fpl-stub/entry/1038/event/1/picks [32m200[39m in 76ms[2m (compile: 30ms, proxy.ts: 16ms, render: 30ms)[22m
[2m[WebServer] [22m GET /api/test-fpl-stub/entry/1035/event/1/picks [32m200[39m in 76ms[2m (compile: 30ms, proxy.ts: 16ms, render: 30ms)[22m
[2m[WebServer] [22m GET /api/test-fpl-stub/entry/1039/event/1/picks [32m200[39m in 47ms[2m (compile: 12ms, proxy.ts: 11ms, render: 24ms)[22m
[2m[WebServer] [22m GET /api/test-fpl-stub/entry/1004/event/1/picks [32m200[39m in 47ms[2m (compile: 12ms, proxy.ts: 11ms, render: 24ms)[22m
[2m[WebServer] [22m GET /api/test-fpl-stub/entry/1005/event/1/picks [32m200[39m in 47ms[2m (compile: 12ms, proxy.ts: 11ms, render: 24ms)[22m
[2m[WebServer] [22m GET /api/test-fpl-stub/entry/1040/event/1/picks [32m200[39m in 47ms[2m (compile: 12ms, proxy.ts: 11ms, render: 24ms)[22m
[2m[WebServer] [22m GET /api/test-fpl-stub/entry/1042/event/1/picks [32m200[39m in 58ms[2m (compile: 22ms, proxy.ts: 12ms, render: 24ms)[22m
[2m[WebServer] [22m GET /api/test-fpl-stub/entry/1043/event/1/picks [32m200[39m in 58ms[2m (compile: 22ms, proxy.ts: 12ms, render: 24ms)[22m
[2m[WebServer] [22m GET /api/test-fpl-stub/entry/1044/event/1/picks [32m200[39m in 58ms[2m (compile: 22ms, proxy.ts: 12ms, render: 24ms)[22m
[2m[WebServer] [22m GET /api/test-fpl-stub/entry/1041/event/1/picks [32m200[39m in 58ms[2m (compile: 22ms, proxy.ts: 12ms, render: 24ms)[22m
[2m[WebServer] [22m GET /api/test-fpl-stub/entry/1045/event/1/picks [32m200[39m in 44ms[2m (compile: 11ms, proxy.ts: 9ms, render: 23ms)[22m
[2m[WebServer] [22m GET /api/test-fpl-stub/entry/1046/event/1/picks [32m200[39m in 44ms[2m (compile: 11ms, proxy.ts: 9ms, render: 23ms)[22m
[2m[WebServer] [22m GET /api/test-fpl-stub/entry/1047/event/1/picks [32m200[39m in 44ms[2m (compile: 11ms, proxy.ts: 9ms, render: 23ms)[22m
[2m[WebServer] [22m GET /api/test-fpl-stub/entry/1048/event/1/picks [32m200[39m in 44ms[2m (compile: 11ms, proxy.ts: 9ms, render: 23ms)[22m
[2m[WebServer] [22m GET /api/test-fpl-stub/entry/1052/event/1/picks [32m200[39m in 43ms[2m (compile: 12ms, proxy.ts: 8ms, render: 23ms)[22m
[2m[WebServer] [22m GET /api/test-fpl-stub/entry/1049/event/1/picks [32m200[39m in 43ms[2m (compile: 12ms, proxy.ts: 8ms, render: 23ms)[22m
[2m[WebServer] [22m GET /api/test-fpl-stub/entry/1050/event/1/picks [32m200[39m in 43ms[2m (compile: 12ms, proxy.ts: 8ms, render: 23ms)[22m
[2m[WebServer] [22m GET /api/test-fpl-stub/entry/1051/event/1/picks [32m200[39m in 43ms[2m (compile: 12ms, proxy.ts: 9ms, render: 23ms)[22m
[2m[WebServer] [22m GET /api/test-fpl-stub/entry/1053/event/1/picks [32m200[39m in 55ms[2m (compile: 24ms, proxy.ts: 8ms, render: 23ms)[22m
[2m[WebServer] [22m GET /api/test-fpl-stub/entry/1054/event/1/picks [32m200[39m in 55ms[2m (compile: 24ms, proxy.ts: 8ms, render: 23ms)[22m
[2m[WebServer] [22m GET /api/test-fpl-stub/entry/1055/event/1/picks [32m200[39m in 55ms[2m (compile: 24ms, proxy.ts: 8ms, render: 23ms)[22m
[2m[WebServer] [22m GET /api/test-fpl-stub/entry/1056/event/1/picks [32m200[39m in 55ms[2m (compile: 24ms, proxy.ts: 8ms, render: 23ms)[22m
[2m[WebServer] [22m GET /api/test-fpl-stub/entry/1057/event/1/picks [32m200[39m in 53ms[2m (compile: 23ms, proxy.ts: 9ms, render: 20ms)[22m
[2m[WebServer] [22m GET /api/test-fpl-stub/entry/1058/event/1/picks [32m200[39m in 53ms[2m (compile: 23ms, proxy.ts: 9ms, render: 20ms)[22m
[2m[WebServer] [22m GET /api/test-fpl-stub/entry/1059/event/1/picks [32m200[39m in 53ms[2m (compile: 23ms, proxy.ts: 9ms, render: 20ms)[22m
[2m[WebServer] [22m GET /api/test-fpl-stub/entry/1006/event/1/picks [32m200[39m in 53ms[2m (compile: 23ms, proxy.ts: 9ms, render: 20ms)[22m
[2m[WebServer] [22m GET /api/test-fpl-stub/entry/1060/event/1/picks [32m200[39m in 66ms[2m (compile: 18ms, proxy.ts: 19ms, render: 29ms)[22m
[2m[WebServer] [22m GET /api/test-fpl-stub/entry/1061/event/1/picks [32m200[39m in 66ms[2m (compile: 18ms, proxy.ts: 19ms, render: 29ms)[22m
[2m[WebServer] [22m GET /api/test-fpl-stub/entry/1007/event/1/picks [32m200[39m in 66ms[2m (compile: 18ms, proxy.ts: 19ms, render: 29ms)[22m
[2m[WebServer] [22m GET /api/test-fpl-stub/entry/1062/event/1/picks [32m200[39m in 66ms[2m (compile: 18ms, proxy.ts: 19ms, render: 29ms)[22m
[2m[WebServer] [22m GET /api/test-fpl-stub/entry/1063/event/1/picks [32m200[39m in 21ms[2m (compile: 6ms, proxy.ts: 7ms, render: 8ms)[22m
[2m[WebServer] [22m GET /api/test-fpl-stub/entry/1064/event/1/picks [32m200[39m in 121ms[2m (compile: 15ms, proxy.ts: 83ms, render: 24ms)[22m
[2m[WebServer] [22m GET /api/test-fpl-stub/entry/1065/event/1/picks [32m200[39m in 121ms[2m (compile: 15ms, proxy.ts: 83ms, render: 24ms)[22m
[2m[WebServer] [22m GET /api/test-fpl-stub/entry/1008/event/1/picks [32m200[39m in 121ms[2m (compile: 15ms, proxy.ts: 83ms, render: 24ms)[22m
[2m[WebServer] [22m GET /api/test-fpl-stub/entry/1009/event/1/picks [32m200[39m in 121ms[2m (compile: 15ms, proxy.ts: 83ms, render: 24ms)[22m
[2m[WebServer] [22m GET /api/test-fpl-stub/entry/1010/event/1/picks [32m200[39m in 15ms[2m (compile: 4ms, proxy.ts: 5ms, render: 6ms)[22m
[2m[WebServer] [22m GET /api/test-fpl-stub/entry/1011/event/1/picks [32m200[39m in 56ms[2m (compile: 24ms, proxy.ts: 8ms, render: 24ms)[22m
[2m[WebServer] [22m GET /api/test-fpl-stub/entry/1012/event/1/picks [32m200[39m in 56ms[2m (compile: 24ms, proxy.ts: 8ms, render: 24ms)[22m
[2m[WebServer] [22m GET /api/test-fpl-stub/entry/1013/event/1/picks [32m200[39m in 56ms[2m (compile: 24ms, proxy.ts: 8ms, render: 24ms)[22m
[2m[WebServer] [22m GET /api/test-fpl-stub/entry/1014/event/1/picks [32m200[39m in 56ms[2m (compile: 24ms, proxy.ts: 8ms, render: 24ms)[22m
[2m[WebServer] [22m GET /api/test-fpl-stub/entry/1015/event/1/picks [32m200[39m in 45ms[2m (compile: 12ms, proxy.ts: 9ms, render: 24ms)[22m
[2m[WebServer] [22m GET /api/test-fpl-stub/entry/1016/event/1/picks [32m200[39m in 45ms[2m (compile: 12ms, proxy.ts: 9ms, render: 24ms)[22m
[2m[WebServer] [22m GET /api/test-fpl-stub/entry/1017/event/1/picks [32m200[39m in 45ms[2m (compile: 12ms, proxy.ts: 9ms, render: 24ms)[22m
[2m[WebServer] [22m GET /api/test-fpl-stub/entry/1018/event/1/picks [32m200[39m in 45ms[2m (compile: 12ms, proxy.ts: 10ms, render: 24ms)[22m
[2m[WebServer] [22m GET /api/test-fpl-stub/entry/1019/event/1/picks [32m200[39m in 17ms[2m (compile: 4ms, proxy.ts: 5ms, render: 7ms)[22m
[2m[WebServer] [22m GET /api/standings?leagueSlug=t32-4xpdj1b3 [32m200[39m in 2.5s[2m (compile: 20ms, proxy.ts: 6ms, render: 2.5s)[22m
  ok 60 [chromium] › tests\league-types\tvt-32.spec.ts:87:7 › TVT-32 (admin + user) › user: standings page lists at least one of the 32 teams (6.2s)
[2m[WebServer] [22m GET /t32-4xpdj1b3/fixtures [32m200[39m in 96ms[2m (compile: 20ms, render: 76ms)[22m
[2m[WebServer] [22m GET /api/fixtures?leagueSlug=t32-4xpdj1b3 [32m200[39m in 104ms[2m (compile: 10ms, proxy.ts: 6ms, render: 87ms)[22m
[2m[WebServer] [22m GET /api/fixtures/live?gameweek=1&leagueSlug=t32-4xpdj1b3 [32m200[39m in 27ms[2m (compile: 12ms, proxy.ts: 5ms, render: 9ms)[22m
  ok 61 [chromium] › tests\league-types\tvt-32.spec.ts:93:7 › TVT-32 (admin + user) › user: fixtures page renders without error (1.2s)
[2m[WebServer] [22m GET /t32-4xpdj1b3/winners [32m200[39m in 2.3s[2m (compile: 2.2s, render: 166ms)[22m
[2m[WebServer] [22m GET /api/auth/me [32m200[39m in 1917ms[2m (compile: 1683ms, proxy.ts: 157ms, render: 77ms)[22m
[2m[WebServer] [22m GET /api/leagues [32m200[39m in 1917ms[2m (compile: 1684ms, proxy.ts: 157ms, render: 76ms)[22m
[2m[WebServer] [22m GET /api/playoffs/winners?leagueSlug=t32-4xpdj1b3 [32m200[39m in 1917ms[2m (compile: 1684ms, proxy.ts: 157ms, render: 77ms)[22m
[2m[WebServer] [22m GET /t32-4xpdj1b3/playoffs [32m200[39m in 2.1s[2m (compile: 1884ms, render: 196ms)[22m
  ok 62 [chromium] › tests\league-types\tvt-32.spec.ts:97:7 › TVT-32 (admin + user) › user: winners + playoffs pages load (even before brackets seeded) (5.9s)
[2m[WebServer] [22m POST /api/auth/signin [32m200[39m in 1027ms[2m (compile: 710ms, proxy.ts: 170ms, render: 147ms)[22m
[2m[WebServer] [22m GET /api/test-fpl-stub/bootstrap-static [32m200[39m in 31ms[2m (compile: 16ms, proxy.ts: 5ms, render: 9ms)[22m
[2m[WebServer] [22m GET /api/test-fpl-stub/bootstrap-static [32m200[39m in 26ms[2m (compile: 11ms, proxy.ts: 7ms, render: 8ms)[22m
[2m[WebServer] [22m GET /api/team/dashboard [32m200[39m in 7.4s[2m (compile: 1519ms, proxy.ts: 4ms, render: 5.9s)[22m
[2m[WebServer] [22m POST /api/auth/signout [32m200[39m in 562ms[2m (compile: 549ms, proxy.ts: 4ms, render: 9ms)[22m
  ok 63 [chromium] › tests\league-types\tvt-32.spec.ts:102:7 › TVT-32 (admin + user) › user: team can view its own dashboard after sign-in (9.1s)
[2m[WebServer] [22m POST /api/auth/signin [32m200[39m in 113ms[2m (compile: 25ms, proxy.ts: 4ms, render: 85ms)[22m
[2m[WebServer] [22m POST /api/superadmin/leagues [32m200[39m in 2.0s[2m (compile: 854ms, proxy.ts: 5ms, render: 1152ms)[22m
[2m[WebServer] [22m POST /api/auth/signin [32m200[39m in 94ms[2m (compile: 3ms, proxy.ts: 6ms, render: 84ms)[22m
[2m[WebServer] [22m POST /api/auth/change-password [32m200[39m in 1003ms[2m (compile: 699ms, proxy.ts: 4ms, render: 299ms)[22m
[2m[WebServer] [22m POST /api/team/setup [32m200[39m in 1463ms[2m (compile: 784ms, proxy.ts: 6ms, render: 673ms)[22m
[2m[WebServer] [22m POST /api/auth/signout [32m200[39m in 15ms[2m (compile: 4ms, proxy.ts: 5ms, render: 7ms)[22m
[2m[WebServer] [22m POST /api/auth/signin [32m200[39m in 120ms[2m (compile: 4ms, proxy.ts: 4ms, render: 112ms)[22m
[2m[WebServer] [22m POST /api/auth/change-password [32m200[39m in 292ms[2m (compile: 5ms, proxy.ts: 4ms, render: 283ms)[22m
[2m[WebServer] [22m POST /api/team/setup [32m200[39m in 297ms[2m (compile: 1263µs, proxy.ts: 4ms, render: 291ms)[22m
[2m[WebServer] [22m POST /api/auth/signout [32m200[39m in 11ms[2m (compile: 1251µs, proxy.ts: 4ms, render: 6ms)[22m
[2m[WebServer] [22m POST /api/auth/signin [32m200[39m in 73ms[2m (compile: 1216µs, proxy.ts: 3ms, render: 68ms)[22m
[2m[WebServer] [22m POST /api/auth/change-password [32m200[39m in 274ms[2m (compile: 1278µs, proxy.ts: 4ms, render: 269ms)[22m
[2m[WebServer] [22m POST /api/team/setup [32m200[39m in 285ms[2m (compile: 1997µs, proxy.ts: 6ms, render: 277ms)[22m
[2m[WebServer] [22m POST /api/auth/signout [32m200[39m in 10ms[2m (compile: 1284µs, proxy.ts: 4ms, render: 5ms)[22m
[2m[WebServer] [22m POST /api/auth/signin [32m200[39m in 79ms[2m (compile: 1422µs, proxy.ts: 4ms, render: 74ms)[22m
[2m[WebServer] [22m POST /api/auth/change-password [32m200[39m in 284ms[2m (compile: 1393µs, proxy.ts: 4ms, render: 279ms)[22m
[2m[WebServer] [22m POST /api/team/setup [32m200[39m in 297ms[2m (compile: 1234µs, proxy.ts: 4ms, render: 291ms)[22m
[2m[WebServer] [22m POST /api/auth/signout [32m200[39m in 10ms[2m (compile: 1233µs, proxy.ts: 4ms, render: 5ms)[22m
[2m[WebServer] [22m POST /api/auth/signin [32m200[39m in 74ms[2m (compile: 1767µs, proxy.ts: 4ms, render: 69ms)[22m
[2m[WebServer] [22m POST /api/auth/change-password [32m200[39m in 318ms[2m (compile: 1763µs, proxy.ts: 4ms, render: 312ms)[22m
[2m[WebServer] [22m POST /api/team/setup [32m200[39m in 252ms[2m (compile: 1738µs, proxy.ts: 4ms, render: 246ms)[22m
[2m[WebServer] [22m POST /api/auth/signout [32m200[39m in 10ms[2m (compile: 1261µs, proxy.ts: 4ms, render: 5ms)[22m
[2m[WebServer] [22m POST /api/auth/signin [32m200[39m in 80ms[2m (compile: 1326µs, proxy.ts: 13ms, render: 67ms)[22m
[2m[WebServer] [22m POST /api/auth/change-password [32m200[39m in 240ms[2m (compile: 1298µs, proxy.ts: 4ms, render: 235ms)[22m
[2m[WebServer] [22m POST /api/team/setup [32m200[39m in 242ms[2m (compile: 1315µs, proxy.ts: 5ms, render: 236ms)[22m
[2m[WebServer] [22m POST /api/auth/signout [32m200[39m in 12ms[2m (compile: 1380µs, proxy.ts: 5ms, render: 5ms)[22m
[2m[WebServer] [22m POST /api/auth/signin [32m200[39m in 72ms[2m (compile: 1232µs, proxy.ts: 4ms, render: 67ms)[22m
[2m[WebServer] [22m POST /api/auth/change-password [32m200[39m in 261ms[2m (compile: 1310µs, proxy.ts: 4ms, render: 256ms)[22m
[2m[WebServer] [22m POST /api/team/setup [32m200[39m in 252ms[2m (compile: 1213µs, proxy.ts: 4ms, render: 247ms)[22m
[2m[WebServer] [22m POST /api/auth/signout [32m200[39m in 10ms[2m (compile: 1484µs, proxy.ts: 4ms, render: 5ms)[22m
[2m[WebServer] [22m POST /api/auth/signin [32m200[39m in 72ms[2m (compile: 1197µs, proxy.ts: 3ms, render: 67ms)[22m
[2m[WebServer] [22m POST /api/auth/change-password [32m200[39m in 270ms[2m (compile: 1222µs, proxy.ts: 5ms, render: 264ms)[22m
[2m[WebServer] [22m POST /api/team/setup [32m200[39m in 795ms[2m (compile: 1385µs, proxy.ts: 4ms, render: 790ms)[22m
[2m[WebServer] [22m POST /api/auth/signout [32m200[39m in 13ms[2m (compile: 2ms, proxy.ts: 5ms, render: 6ms)[22m
[2m[WebServer] [22m POST /api/auth/signin [32m200[39m in 71ms[2m (compile: 1229µs, proxy.ts: 4ms, render: 66ms)[22m
[2m[WebServer] [22m POST /api/admin/t8-4xska56r/generate-fixtures [32m200[39m in 19.1s[2m (compile: 20ms, proxy.ts: 4ms, render: 19.1s)[22m
[2m[WebServer] [22m POST /api/auth/signin [32m200[39m in 83ms[2m (compile: 1889µs, proxy.ts: 5ms, render: 76ms)[22m
[2m[WebServer] [22m GET /api/admin/t8-4xska56r/generate-fixtures [32m200[39m in 30ms[2m (compile: 13ms, proxy.ts: 5ms, render: 12ms)[22m
  ok 64 [chromium] › tests\league-types\tvt-8.spec.ts:51:7 › TVT-8 (admin + user) › admin: league was created with 8 teams and 35 league-stage GWs (128ms)
[2m[WebServer] [22m POST /api/auth/signin [32m200[39m in 180ms[2m (compile: 3ms, proxy.ts: 6ms, render: 170ms)[22m
[2m[WebServer] [22m DELETE /api/admin/t8-4xska56r/generate-fixtures [32m200[39m in 312ms[2m (compile: 5ms, proxy.ts: 8ms, render: 298ms)[22m
[2m[WebServer] [22m GET /api/admin/t8-4xska56r/generate-fixtures [32m200[39m in 20ms[2m (compile: 4ms, proxy.ts: 8ms, render: 8ms)[22m
[2m[WebServer] [22m POST /api/admin/t8-4xska56r/generate-fixtures [32m200[39m in 18.2s[2m (compile: 10ms, proxy.ts: 5ms, render: 18.2s)[22m
  ok 65 [chromium] › tests\league-types\tvt-8.spec.ts:60:7 › TVT-8 (admin + user) › admin: fixtures can be deleted and regenerated (23.1s)
[2m[WebServer] [22m POST /api/auth/signin [32m200[39m in 94ms[2m (compile: 3ms, proxy.ts: 7ms, render: 85ms)[22m
[2m[WebServer] [22m POST /api/admin/t8-4xska56r/settings [32m200[39m in 149ms[2m (compile: 22ms, proxy.ts: 7ms, render: 120ms)[22m
[2m[WebServer] [22m GET /api/admin/t8-4xska56r/settings [32m200[39m in 23ms[2m (compile: 6ms, proxy.ts: 7ms, render: 9ms)[22m
[2m[WebServer] [22m POST /api/admin/t8-4xska56r/settings [32m200[39m in 131ms[2m (compile: 4ms, proxy.ts: 10ms, render: 117ms)[22m
[2m[WebServer] [22m GET /api/admin/t8-4xska56r/settings [32m200[39m in 18ms[2m (compile: 4ms, proxy.ts: 7ms, render: 7ms)[22m
  ok 66 [chromium] › tests\league-types\tvt-8.spec.ts:74:7 › TVT-8 (admin + user) › admin: league settings (captain/chip toggles) persist (497ms)
[2m[WebServer] [22m POST /api/auth/signin [32m200[39m in 80ms[2m (compile: 1708µs, proxy.ts: 7ms, render: 72ms)[22m
[2m[WebServer] [22m POST /api/admin/t8-4xska56r/backups [32m200[39m in 1712ms[2m (compile: 1511ms, proxy.ts: 5ms, render: 197ms)[22m
[2m[WebServer] [22m GET /api/admin/t8-4xska56r/backups [32m200[39m in 28ms[2m (compile: 10ms, proxy.ts: 4ms, render: 14ms)[22m
  ok 67 [chromium] › tests\league-types\tvt-8.spec.ts:89:7 › TVT-8 (admin + user) › admin: backup export round-trips through the backups list (1.8s)
[2m[WebServer] [22m GET /signin [32m200[39m in 765ms[2m (compile: 637ms, render: 128ms)[22m
[2m[WebServer] [22m POST /api/auth/signin [32m200[39m in 141ms[2m (compile: 41ms, proxy.ts: 7ms, render: 92ms)[22m
[2m[WebServer] [22m GET /dashboard [32m200[39m in 1628ms[2m (compile: 1441ms, render: 186ms)[22m
  ok 68 [chromium] › tests\league-types\tvt-8.spec.ts:105:7 › TVT-8 (admin + user) › user: team can sign in after first-login password change (4.2s)
[2m[WebServer] [22mAuth check error: Error: Failed query: select "id", "team_login_id", "name", "league_id", "password", "must_change_password", "group_id", "league_points", "bonus_points", "cup_group_points", "is_ghost", "purse", "total_spent", "total_refunds", "total_income", "penalty_slots", "bonus_slots", "double_pointer_set1_used", "challenge_chip_set1_used", "win_win_set1_used", "score_lock_set1_used", "comeback_set1_used", "underdog_set1_used", "double_pointer_set2_used", "challenge_chip_set2_used", "win_win_set2_used", "score_lock_set2_used", "comeback_set2_used", "underdog_set2_used", "is_profile_complete", "created_at", "updated_at" from "teams" where "teams"."id" = ?
[2m[WebServer] [22mparams: 7d384c82-8abf-4028-ac4f-a78d33992710
[2m[WebServer] [22m    at async GET (src\app\api\auth\me\route.ts:51:24)
[2m[WebServer] [22m[0m [90m 49 |[39m
[2m[WebServer] [22m [90m 50 |[39m     [36mif[39m (session[33m.[39mtype [33m===[39m [32m"team"[39m) {
[2m[WebServer] [22m[31m[1m>[22m[39m[90m 51 |[39m       [36mconst[39m teamList [33m=[39m [36mawait[39m db[33m.[39mselect()[33m.[39m[36mfrom[39m(teams)[33m.[39mwhere(eq(teams[33m.[39mid[33m,[39m session[33m.[39mid))[33m;[39m
[2m[WebServer] [22m [90m    |[39m                        [31m[1m^[22m[39m
[2m[WebServer] [22m [90m 52 |[39m       [36mconst[39m team [33m=[39m teamList[[35m0[39m][33m;[39m
[2m[WebServer] [22m [90m 53 |[39m       [36mif[39m (team) {
[2m[WebServer] [22m [90m 54 |[39m         [90m// Fetch league format so the client knows which setup flow to use. Defensive: if the[39m[0m {
[2m[WebServer] [22m  query: [32m'select "id", "team_login_id", "name", "league_id", "password", "must_change_password", "group_id", "league_points", "bonus_points", "cup_group_points", "is_ghost", "purse", "total_spent", "total_refunds", "total_income", "penalty_slots", "bonus_slots", "double_pointer_set1_used", "challenge_chip_set1_used", "win_win_set1_used", "score_lock_set1_used", "comeback_set1_used", "underdog_set1_used", "double_pointer_set2_used", "challenge_chip_set2_used", "win_win_set2_used", "score_lock_set2_used", "comeback_set2_used", "underdog_set2_used", "is_profile_complete", "created_at", "updated_at" from "teams" where "teams"."id" = ?'[39m,
[2m[WebServer] [22m  params: [36m[Array][39m,
[2m[WebServer] [22m  [cause]: Error [LibsqlError]: SQLITE_BUSY: database is locked
[2m[WebServer] [22m      at [3mignore-listed frames[23m {
[2m[WebServer] [22m    code: [32m'SQLITE_BUSY'[39m,
[2m[WebServer] [22m    extendedCode: [32m'SQLITE_BUSY'[39m,
[2m[WebServer] [22m    rawCode: [33m5[39m,
[2m[WebServer] [22m    [cause]: SqliteError: database is locked
[2m[WebServer] [22m        at [3mignore-listed frames[23m {
[2m[WebServer] [22m      code: [32m'SQLITE_BUSY'[39m,
[2m[WebServer] [22m      rawCode: [33m5[39m
[2m[WebServer] [22m    }
[2m[WebServer] [22m  }
[2m[WebServer] [22m}
[2m[WebServer] [22m GET /t8-4xska56r/standings [32m200[39m in 191ms[2m (compile: 37ms, render: 154ms)[22m
[2m[WebServer] [22m GET /api/test-fpl-stub/entry/1003/event/1/picks [32m200[39m in 382ms[2m (compile: 269ms, proxy.ts: 85ms, render: 29ms)[22m
[2m[WebServer] [22m GET /api/test-fpl-stub/entry/1004/event/1/picks [32m200[39m in 382ms[2m (compile: 269ms, proxy.ts: 85ms, render: 29ms)[22m
[2m[WebServer] [22m GET /api/test-fpl-stub/entry/1005/event/1/picks [32m200[39m in 382ms[2m (compile: 269ms, proxy.ts: 85ms, render: 29ms)[22m
[2m[WebServer] [22m GET /api/test-fpl-stub/entry/1002/event/1/picks [32m200[39m in 545ms[2m (compile: 511ms, proxy.ts: 5ms, render: 29ms)[22m
[2m[WebServer] [22m GET /api/test-fpl-stub/entry/1006/event/1/picks [32m200[39m in 19ms[2m (compile: 5ms, proxy.ts: 5ms, render: 9ms)[22m
[2m[WebServer] [22m GET /api/test-fpl-stub/entry/1007/event/1/picks [32m200[39m in 47ms[2m (compile: 14ms, proxy.ts: 10ms, render: 22ms)[22m
[2m[WebServer] [22m GET /api/test-fpl-stub/entry/1008/event/1/picks [32m200[39m in 47ms[2m (compile: 14ms, proxy.ts: 10ms, render: 22ms)[22m
[2m[WebServer] [22m GET /api/test-fpl-stub/entry/1009/event/1/picks [32m200[39m in 47ms[2m (compile: 14ms, proxy.ts: 10ms, render: 22ms)[22m
[2m[WebServer] [22m GET /api/test-fpl-stub/entry/1010/event/1/picks [32m200[39m in 47ms[2m (compile: 14ms, proxy.ts: 11ms, render: 22ms)[22m
[2m[WebServer] [22m GET /api/test-fpl-stub/entry/1012/event/1/picks [32m200[39m in 46ms[2m (compile: 12ms, proxy.ts: 10ms, render: 24ms)[22m
[2m[WebServer] [22m GET /api/test-fpl-stub/entry/1011/event/1/picks [32m200[39m in 46ms[2m (compile: 12ms, proxy.ts: 10ms, render: 24ms)[22m
[2m[WebServer] [22m GET /api/test-fpl-stub/entry/1013/event/1/picks [32m200[39m in 46ms[2m (compile: 12ms, proxy.ts: 10ms, render: 24ms)[22m
[2m[WebServer] [22m GET /api/test-fpl-stub/entry/1014/event/1/picks [32m200[39m in 47ms[2m (compile: 12ms, proxy.ts: 10ms, render: 24ms)[22m
[2m[WebServer] [22m GET /api/test-fpl-stub/entry/1015/event/1/picks [32m200[39m in 34ms[2m (compile: 9ms, proxy.ts: 8ms, render: 18ms)[22m
[2m[WebServer] [22m GET /api/test-fpl-stub/entry/1016/event/1/picks [32m200[39m in 34ms[2m (compile: 9ms, proxy.ts: 8ms, render: 18ms)[22m
[2m[WebServer] [22m GET /api/test-fpl-stub/entry/1017/event/1/picks [32m200[39m in 34ms[2m (compile: 9ms, proxy.ts: 8ms, render: 18ms)[22m
[2m[WebServer] [22m GET /api/standings?leagueSlug=t8-4xska56r [32m200[39m in 3.1s[2m (compile: 2.0s, proxy.ts: 6ms, render: 1017ms)[22m
  ok 69 [chromium] › tests\league-types\tvt-8.spec.ts:110:7 › TVT-8 (admin + user) › user: public standings page shows seeded teams (6.8s)
[2m[WebServer] [22m GET /t8-4xska56r/fixtures [32m200[39m in 1805ms[2m (compile: 1649ms, render: 157ms)[22m
[2m[WebServer] [22m GET /api/fixtures?leagueSlug=t8-4xska56r [32m200[39m in 1082ms[2m (compile: 1029ms, proxy.ts: 6ms, render: 46ms)[22m
  ok 70 [chromium] › tests\league-types\tvt-8.spec.ts:119:7 › TVT-8 (admin + user) › user: public fixtures page renders (4.0s)
[2m[WebServer] [22m GET /t8-4xska56r/rules [32m200[39m in 1153ms[2m (compile: 1011ms, render: 141ms)[22m
[2m[WebServer] [22m GET /t8-4xska56r/teams [32m200[39m in 2.2s[2m (compile: 2.0s, render: 164ms)[22m
  ok 71 [chromium] › tests\league-types\tvt-8.spec.ts:123:7 › TVT-8 (admin + user) › user: rules + teams pages load without error (4.8s)
[2m[WebServer] [22m POST /api/auth/signin [32m200[39m in 99ms[2m (compile: 9ms, proxy.ts: 7ms, render: 83ms)[22m
[2m[WebServer] [22m GET /api/test-fpl-stub/bootstrap-static [32m200[39m in 25ms[2m (compile: 14ms, proxy.ts: 4ms, render: 7ms)[22m
[2m[WebServer] [22m GET /api/test-fpl-stub/bootstrap-static [32m200[39m in 29ms[2m (compile: 14ms, proxy.ts: 6ms, render: 9ms)[22m
[2m[WebServer] [22m GET /api/team/dashboard [32m200[39m in 8.7s[2m (compile: 809ms, proxy.ts: 4ms, render: 7.9s)[22m
[2m[WebServer] [22m GET /api/test-fpl-stub/bootstrap-static [32m200[39m in 31ms[2m (compile: 14ms, proxy.ts: 5ms, render: 11ms)[22m
[2m[WebServer] [22m POST /api/team/captain [32m200[39m in 1986ms[2m (compile: 965ms, proxy.ts: 7ms, render: 1014ms)[22m
[2m[WebServer] [22m POST /api/auth/signout [32m200[39m in 574ms[2m (compile: 556ms, proxy.ts: 6ms, render: 12ms)[22m
  ok 72 [chromium] › tests\league-types\tvt-8.spec.ts:128:7 › TVT-8 (admin + user) › user: captain submission succeeds for a future-deadline GW (11.4s)
[2m[WebServer] [22m POST /api/auth/signin [32m200[39m in 109ms[2m (compile: 24ms, proxy.ts: 4ms, render: 81ms)[22m
[2m[WebServer] [22m GET /api/test-fpl-stub/bootstrap-static [32m200[39m in 30ms[2m (compile: 15ms, proxy.ts: 5ms, render: 10ms)[22m
[2m[WebServer] [22m POST /api/team/chips [32m200[39m in 1000ms[2m (compile: 798ms, proxy.ts: 5ms, render: 197ms)[22m
[2m[WebServer] [22m POST /api/auth/signout [32m200[39m in 16ms[2m (compile: 4ms, proxy.ts: 6ms, render: 6ms)[22m
  ok 73 [chromium] › tests\league-types\tvt-8.spec.ts:149:7 › TVT-8 (admin + user) › user: chip submission succeeds for an enabled chip (1.1s)
[2m[WebServer] [22m POST /api/auth/signin [32m200[39m in 105ms[2m (compile: 6ms, proxy.ts: 6ms, render: 93ms)[22m
[2m[WebServer] [22m POST /api/team/chips [33m400[39m in 15ms[2m (compile: 1797µs, proxy.ts: 5ms, render: 8ms)[22m
[2m[WebServer] [22m POST /api/auth/signout [32m200[39m in 14ms[2m (compile: 2ms, proxy.ts: 6ms, render: 6ms)[22m
  ok 74 [chromium] › tests\league-types\tvt-8.spec.ts:162:7 › TVT-8 (admin + user) › user: chip submission for a disabled chip returns 400 (148ms)
[2m[WebServer] [22m POST /api/auth/signin [32m200[39m in 105ms[2m (compile: 1549µs, proxy.ts: 5ms, render: 98ms)[22m
[2m[WebServer] [22m POST /api/superadmin/leagues [32m200[39m in 2.6s[2m (compile: 685ms, proxy.ts: 5ms, render: 1898ms)[22m
[2m[WebServer] [22m POST /api/admin/t8-4xuksp4n/generate-fixtures [32m200[39m in 17.7s[2m (compile: 23ms, proxy.ts: 5ms, render: 17.6s)[22m
[2m[WebServer] [22m POST /api/auth/signin [32m200[39m in 84ms[2m (compile: 4ms, proxy.ts: 9ms, render: 72ms)[22m
[2m[WebServer] [22m POST /api/auth/change-password [32m200[39m in 1064ms[2m (compile: 773ms, proxy.ts: 4ms, render: 286ms)[22m
[2m[WebServer] [22m POST /api/team/setup [32m200[39m in 2.2s[2m (compile: 1476ms, proxy.ts: 5ms, render: 681ms)[22m
[2m[WebServer] [22m POST /api/auth/signout [32m200[39m in 17ms[2m (compile: 4ms, proxy.ts: 6ms, render: 7ms)[22m
[2m[WebServer] [22m GET /signin [32m200[39m in 210ms[2m (compile: 57ms, render: 153ms)[22m
[2m[WebServer] [22m POST /api/auth/signin [32m200[39m in 105ms[2m (compile: 5ms, proxy.ts: 6ms, render: 95ms)[22m
[2m[WebServer] [22m GET /dashboard [32m200[39m in 107ms[2m (compile: 18ms, render: 89ms)[22m
[2m[WebServer] [22m GET /api/auth/me [32m200[39m in 25ms[2m (compile: 8ms, proxy.ts: 7ms, render: 10ms)[22m
[2m[WebServer] [22m GET /api/test-fpl-stub/bootstrap-static [32m200[39m in 34ms[2m (compile: 18ms, proxy.ts: 6ms, render: 10ms)[22m
[2m[WebServer] [22m GET /api/test-fpl-stub/bootstrap-static [32m200[39m in 28ms[2m (compile: 15ms, proxy.ts: 4ms, render: 9ms)[22m
[2m[WebServer] [22m GET /api/team/dashboard [32m200[39m in 7.1s[2m (compile: 21ms, proxy.ts: 5ms, render: 7.1s)[22m
[2m[WebServer] [22m GET /api/notifications [32m200[39m in 1979ms[2m (compile: 1937ms, proxy.ts: 10ms, render: 32ms)[22m
[2m[WebServer] [22m GET /api/notifications [32m200[39m in 20ms[2m (compile: 4ms, proxy.ts: 7ms, render: 9ms)[22m
[2m[WebServer] [22m GET /api/test-fpl-stub/bootstrap-static [32m200[39m in 46ms[2m (compile: 30ms, proxy.ts: 6ms, render: 10ms)[22m
[2m[WebServer] [22m GET /api/test-fpl-stub/entry/1002/history [32m200[39m in 30ms[2m (compile: 8ms, proxy.ts: 7ms, render: 14ms)[22m
[2m[WebServer] [22m GET /api/test-fpl-stub/entry/1003/history [32m200[39m in 30ms[2m (compile: 8ms, proxy.ts: 7ms, render: 14ms)[22m
[2m[WebServer] [22m[fpl] pl-fixture chips lane=background calls=2/4 rejected=0
[2m[WebServer] [22m GET /api/team/dashboard/pl-fixture? [32m200[39m in 2.1s[2m (compile: 1932ms, proxy.ts: 11ms, render: 200ms)[22m
[2m[WebServer] [22m GET /api/test-fpl-stub/bootstrap-static [32m200[39m in 19ms[2m (compile: 5ms, proxy.ts: 5ms, render: 9ms)[22m
[2m[WebServer] [22m GET /api/test-fpl-stub/entry/1002/history [32m200[39m in 26ms[2m (compile: 7ms, proxy.ts: 7ms, render: 12ms)[22m
[2m[WebServer] [22m GET /api/test-fpl-stub/entry/1003/history [32m200[39m in 26ms[2m (compile: 7ms, proxy.ts: 7ms, render: 12ms)[22m
[2m[WebServer] [22m[fpl] pl-fixture chips lane=background calls=2/4 rejected=0
[2m[WebServer] [22m GET /api/team/dashboard/pl-fixture? [32m200[39m in 241ms[2m (compile: 2ms, proxy.ts: 6ms, render: 232ms)[22m
  ok 75 [chromium] › tests\smoke\smoke.spec.ts:23:7 › smoke: harness end-to-end › superadmin can create a TVT-8 league, generate fixtures, and a team can sign in (41.6s)
[2m[WebServer] [22m GET /api/leagues [32m200[39m in 829ms[2m (compile: 813ms, proxy.ts: 5ms, render: 11ms)[22m
  ok 76 [chromium] › tests\smoke\smoke.spec.ts:46:7 › smoke: harness end-to-end › public standings endpoint returns JSON for the smoke league (838ms)
[2m[WebServer] [22m GET /go/fpl/entry/12345/event/7 [34m302[39m in 1290ms[2m (compile: 1277ms, render: 12ms)[22m
[2m[WebServer] [22m GET /go/fpl/entry/abc/event/7 [33m400[39m in 20ms[2m (compile: 12ms, render: 8ms)[22m
[2m[WebServer] [22m GET /go/fpl/entry/12345/transfers [33m400[39m in 9ms[2m (compile: 2ms, render: 7ms)[22m
[2m[WebServer] [22m GET /go/fpl/evil [33m400[39m in 10ms[2m (compile: 2ms, render: 7ms)[22m
  ok 77 [chromium] › tests\smoke\smoke.spec.ts:55:7 › smoke: harness end-to-end › the FPL redirect hop forwards permitted paths and refuses anything else (1.4s)
[2m[WebServer] [22m POST /api/auth/signin [33m401[39m in 58ms[2m (compile: 37ms, proxy.ts: 7ms, render: 13ms)[22m
  ok 78 [chromium] › tests\smoke\smoke.spec.ts:79:7 › smoke: harness end-to-end › apiSignIn rejects invalid credentials with 401 (66ms)

  78 passed (14.1m)
